"","chr","pos","plot.x","p1"
"1","1",3207478,1,0.03267
"2","1",10022241,2,0.05602
"3","1",12230635,3,0.07005
"4","1",13325824,4,0.13575
"5","1",13844181,5,0.13207
"6","1",19969472,6,0.05524
"7","1",21032175,7,0.04284
"8","1",22293237,8,0.04065
"9","1",23770058,9,0.03495
"10","1",27126704,10,0.02754
"11","1",29679862,11,0.03722
"12","1",32560570,12,0.03149
"13","1",33394342,13,0.02223
"14","1",34416614,14,0.02842
"15","1",34833868,15,0.02782
"16","1",35403335,16,0.02751
"17","1",35826030,17,0.04818
"18","1",36163401,18,0.04961
"19","1",36703086,19,0.04413
"20","1",38347709,20,0.05074
"21","1",39652713,21,0.05461
"22","1",39999848,22,0.03709
"23","1",42389404,23,0.018
"24","1",43234182,24,0.01661
"25","1",43710297,25,0.02304
"26","1",45753931,26,0.02419
"27","1",49025445,27,0.02054
"28","1",51768885,28,0.02396
"29","1",52554712,29,0.02819
"30","1",54694763,30,0.027
"31","1",62522260,31,0.0465
"32","1",67820259,32,0.05768
"33","1",70449074,33,0.04669
"34","1",72900095,34,0.0409
"35","1",73846179,35,0.03978
"36","1",75315224,36,0.03064
"37","1",75897043,37,0.02578
"38","1",76909997,38,0.03109
"39","1",78074842,39,0.03499
"40","1",78685746,40,0.03273
"41","1",79449459,41,0.02831
"42","1",79873500,42,0.02595
"43","1",80872729,43,0.0247
"44","1",82052650,44,0.03461
"45","1",84951560,45,0.04023
"46","1",86868708,46,0.03222
"47","1",87656515,47,0.04704
"48","1",88310683,48,0.07771
"49","1",90423024,49,0.06292
"50","1",90955978,50,0.04326
"51","1",91386729,51,0.04565
"52","1",91943622,52,0.04502
"53","1",92798384,53,0.04474
"54","1",96255998,54,0.09592
"55","1",99655724,55,0.0941
"56","1",104859545,56,0.03522
"57","1",106394299,57,0.02293
"58","1",108114115,58,0.02204
"59","1",111450771,59,0.01972
"60","1",114154001,60,0.02335
"61","1",116400590,61,0.0195
"62","1",118740279,62,0.01723
"63","1",119921171,63,0.05504
"64","1",121112919,64,0.05718
"65","1",122393069,65,0.02781
"66","1",125127758,66,0.02718
"67","1",125949820,67,0.02248
"68","1",127082544,68,0.03835
"69","1",127943084,69,0.04606
"70","1",130169953,70,0.03311
"71","1",131218493,71,0.02707
"72","1",131870077,72,0.02611
"73","1",132836490,73,0.03356
"74","1",133195837,74,0.03811
"75","1",133688450,75,0.02393
"76","1",134219678,76,0.02446
"77","1",135092923,77,0.03253
"78","1",135583301,78,0.03275
"79","1",136046869,79,0.04294
"80","1",136446526,80,0.05281
"81","1",136986195,81,0.03478
"82","1",138638936,82,0.01995
"83","1",143290124,83,0.04445
"84","1",144846451,84,0.04727
"85","1",146580663,85,0.09492
"86","1",150062749,86,0.23203
"87","1",151630091,87,0.24472
"88","1",152027497,88,0.1986
"89","1",152460535,89,0.24271
"90","1",152906391,90,0.21919
"91","1",153232496,91,0.16901
"92","1",153488167,92,0.16302
"93","1",153804672,93,0.11922
"94","1",154196693,94,0.07063
"95","1",155738799,95,0.04366
"96","1",156482855,96,0.02472
"97","1",156891696,97,0.04732
"98","1",158194409,98,0.05119
"99","1",159775342,99,0.03827
"100","1",164453279,100,0.04182
"101","1",166580583,101,0.13288
"102","1",168343733,102,0.13548
"103","1",170198750,103,0.04849
"104","1",171427298,104,0.0414
"105","1",172296273,105,0.03623
"106","1",173481518,106,0.07841
"107","1",174531497,107,0.12406
"108","1",175972978,108,0.10156
"109","1",177308225,109,0.06151
"110","1",178272885,110,0.06398
"111","1",178861813,111,0.16351
"112","1",179064278,112,0.14036
"113","1",179566428,113,0.03299
"114","1",180440616,114,0.03097
"115","1",180960350,115,0.01934
"116","1",181381970,116,0.02301
"117","1",182124558,117,0.02654
"118","1",183445926,118,0.03838
"119","1",184694993,119,0.03942
"120","1",185020136,120,0.04022
"121","1",185350771,121,0.04838
"122","1",188906719,122,0.06761
"123","1",190461254,123,0.06528
"124","1",191110908,124,0.04286
"125","1",191587039,125,0.03766
"126","1",192765220,126,0.03441
"127","1",193505695,127,0.03579
"128","2",3146036,153,0.06304
"129","2",4091595,154,0.08651
"130","2",8138413,155,0.07442
"131","2",9942310,156,0.06273
"132","2",11146053,157,0.03443
"133","2",12257513,158,0.03708
"134","2",14007440,159,0.04593
"135","2",16059317,160,0.04002
"136","2",18192935,161,0.03281
"137","2",19016583,162,0.02244
"138","2",19717560,163,0.03526
"139","2",20678231,164,0.04086
"140","2",21059958,165,0.02959
"141","2",21748747,166,0.03641
"142","2",23680909,167,0.04885
"143","2",25140372,168,0.04637
"144","2",25656074,169,0.03288
"145","2",26229635,170,0.0236
"146","2",26646184,171,0.03454
"147","2",27312827,172,0.04019
"148","2",27657325,173,0.03054
"149","2",27970788,174,0.03114
"150","2",28239386,175,0.04847
"151","2",28656162,176,0.06725
"152","2",28952906,177,0.08163
"153","2",29774058,178,0.09421
"154","2",30521948,179,0.0634
"155","2",31192678,180,0.03082
"156","2",31836403,181,0.02988
"157","2",32217284,182,0.0272
"158","2",32906449,183,0.02589
"159","2",33420476,184,0.02249
"160","2",33806455,185,0.04403
"161","2",34883623,186,0.06872
"162","2",35282872,187,0.05389
"163","2",35598144,188,0.03531
"164","2",35870720,189,0.02527
"165","2",37316898,190,0.01948
"166","2",38485701,191,0.02292
"167","2",39613255,192,0.02719
"168","2",41666380,193,0.02496
"169","2",43688866,194,0.03094
"170","2",45271438,195,0.03222
"171","2",48154075,196,0.02706
"172","2",49983119,197,0.0287
"173","2",51563232,198,0.03908
"174","2",53036591,199,0.04749
"175","2",55611200,200,0.05712
"176","2",58443132,201,0.05099
"177","2",59339310,202,0.0372
"178","2",60975872,203,0.05043
"179","2",62903458,204,0.05747
"180","2",65838607,205,0.0425
"181","2",67243628,206,0.0419
"182","2",68191955,207,0.03892
"183","2",68580157,208,0.68381
"184","2",69432052,209,0.70665
"185","2",71282880,210,0.06086
"186","2",71808946,211,0.04755
"187","2",72120331,212,0.06521
"188","2",75290003,213,0.0728
"189","2",76293357,214,0.04801
"190","2",77315903,215,0.02675
"191","2",77948657,216,0.02917
"192","2",78762712,217,0.03298
"193","2",80176460,218,0.0384
"194","2",82496947,219,0.03244
"195","2",84255252,220,0.02626
"196","2",85169554,221,0.02812
"197","2",87033899,222,0.02494
"198","2",89718526,223,0.02392
"199","2",90892372,224,0.03176
"200","2",91959222,225,0.02737
"201","2",92468136,226,0.02478
"202","2",92887709,227,0.03107
"203","2",93203469,228,0.04491
"204","2",93456315,229,0.03909
"205","2",93956033,230,0.0291
"206","2",95579836,231,0.03095
"207","2",100310947,232,0.03222
"208","2",101561308,233,0.02799
"209","2",101816872,234,0.01966
"210","2",101998445,235,0.01969
"211","2",102115838,236,0.02224
"212","2",102291550,237,0.02436
"213","2",102658252,238,0.03144
"214","2",103490495,239,0.04529
"215","2",103881595,240,0.03971
"216","2",104397577,241,0.03426
"217","2",105393863,242,0.039
"218","2",106710334,243,0.03116
"219","2",110667141,244,0.03268
"220","2",114461213,245,0.03644
"221","2",116166972,246,0.04026
"222","2",120080001,247,0.03902
"223","2",125047304,248,0.0804
"224","2",125583614,249,0.11627
"225","2",126006268,250,0.08526
"226","2",126569632,251,0.06869
"227","2",127123809,252,0.0804
"228","2",127371437,253,0.06147
"229","2",128085369,254,0.03955
"230","2",130432474,255,0.04435
"231","2",132140192,256,0.0369
"232","2",133723660,257,0.02602
"233","2",135390016,258,0.02502
"234","2",138447225,259,0.02629
"235","2",140291074,260,0.03571
"236","2",141632327,261,0.04551
"237","2",142828427,262,0.05836
"238","2",144387926,263,0.07398
"239","2",144986778,264,0.05319
"240","2",146325014,265,0.03567
"241","2",147688880,266,0.03094
"242","2",147911180,267,0.03055
"243","2",148311221,268,0.03966
"244","2",149102561,269,0.03992
"245","2",151599706,270,0.04008
"246","2",151899107,271,0.03617
"247","2",152119736,272,0.04008
"248","2",153031209,273,0.05246
"249","2",153898432,274,0.05531
"250","2",154596294,275,0.04099
"251","2",155098795,276,0.03115
"252","2",155630630,277,0.03221
"253","2",155718717,278,0.03368
"254","2",155973467,279,0.03673
"255","2",156801223,280,0.03953
"256","2",157033589,281,0.08105
"257","2",157383732,282,0.10252
"258","2",157669284,283,0.09075
"259","2",157842705,284,0.08015
"260","2",158064651,285,0.06111
"261","2",158315688,286,0.06139
"262","2",158533003,287,0.0658
"263","2",158715484,288,0.09366
"264","2",158850830,289,0.10078
"265","2",159036543,290,0.06581
"266","2",159696614,291,0.03437
"267","2",161564809,292,0.02652
"268","2",162367796,293,0.03247
"269","2",162622375,294,0.03002
"270","2",163842124,295,0.03046
"271","2",164507855,296,0.03593
"272","2",165226164,297,0.03094
"273","2",165821879,298,0.02764
"274","2",166181814,299,0.02447
"275","2",166634437,300,0.0257
"276","2",167250190,301,0.03403
"277","2",168619889,302,0.03311
"278","2",172756030,303,0.04334
"279","2",172961170,304,0.16618
"280","2",173256846,305,0.15543
"281","2",174469237,306,0.0342
"282","2",178023519,307,0.03211
"283","2",178834511,308,0.03064
"284","2",179200837,309,0.03992
"285","2",179713993,310,0.02829
"286","3",3007181,336,0.02675
"287","3",5079580,337,0.02667
"288","3",7614771,338,0.02716
"289","3",11287273,339,0.02867
"290","3",16004188,340,0.02243
"291","3",17574459,341,0.03347
"292","3",18838539,342,0.04445
"293","3",19525465,343,0.04218
"294","3",20119147,344,0.03901
"295","3",21565754,345,0.07189
"296","3",27572514,346,0.07907
"297","3",28897132,347,0.04097
"298","3",30540913,348,0.02981
"299","3",32049105,349,0.03349
"300","3",33711154,350,0.03033
"301","3",34701359,351,0.04152
"302","3",35211756,352,0.04076
"303","3",37639851,353,0.02326
"304","3",38105682,354,0.02541
"305","3",38456790,355,0.02879
"306","3",45498462,356,0.02871
"307","3",47589621,357,0.03648
"308","3",53237007,358,0.04293
"309","3",54882387,359,0.03778
"310","3",55760886,360,0.02664
"311","3",57846963,361,0.03171
"312","3",59177897,362,0.04735
"313","3",63688497,363,0.0381
"314","3",67352165,364,0.0262
"315","3",68509295,365,0.03689
"316","3",69938400,366,0.12233
"317","3",75298292,367,0.11185
"318","3",78790947,368,0.03594
"319","3",79885786,369,0.04452
"320","3",81193266,370,0.05598
"321","3",85111365,371,0.05309
"322","3",87494216,372,0.03262
"323","3",88093322,373,0.02826
"324","3",89356275,374,0.03313
"325","3",92749783,375,0.02995
"326","3",95755149,376,0.02954
"327","3",96879009,377,0.05762
"328","3",97179101,378,0.08769
"329","3",98098235,379,0.0911
"330","3",99083467,380,0.06241
"331","3",100453186,381,0.03072
"332","3",103296683,382,0.02689
"333","3",110049695,383,0.0429
"334","3",115524431,384,0.04694
"335","3",117015129,385,0.04437
"336","3",120466032,386,0.0548
"337","3",136788341,387,0.04991
"338","3",142245115,388,0.05573
"339","3",143450685,389,0.05019
"340","3",144020717,390,0.03902
"341","3",146027977,391,0.0445
"342","4",3082361,417,0.03826
"343","4",9606923,418,0.05489
"344","4",11683736,419,0.04626
"345","4",28814824,420,0.03638
"346","4",31212774,421,0.0436
"347","4",34499660,422,0.03785
"348","4",43850400,423,0.04026
"349","4",44468993,424,0.03677
"350","4",45452405,425,0.02625
"351","4",46800225,426,0.03689
"352","4",47059603,427,0.0487
"353","4",47686869,428,0.03433
"354","4",48154074,429,0.03442
"355","4",51939076,430,0.03871
"356","4",58139584,431,0.02582
"357","4",82627840,432,0.01944
"358","4",84675990,433,0.01881
"359","4",86210702,434,0.02467
"360","4",89052090,435,0.03026
"361","4",93349904,436,0.03803
"362","4",95910333,437,0.03773
"363","4",98103526,438,0.03596
"364","4",99303947,439,0.04601
"365","4",100359993,440,0.03377
"366","4",101300792,441,0.02606
"367","4",102498276,442,0.03746
"368","4",103290811,443,0.04748
"369","4",104231291,444,0.03994
"370","4",106036131,445,0.0253
"371","4",106693782,446,0.02745
"372","4",107303698,447,0.03381
"373","4",107505150,448,0.0478
"374","4",107998965,449,0.05498
"375","4",109667130,450,0.05791
"376","4",114545297,451,0.07432
"377","4",116820876,452,0.06259
"378","4",117441778,453,0.04165
"379","4",117819037,454,0.04266
"380","4",118268608,455,0.03135
"381","4",119025739,456,0.02881
"382","4",119870657,457,0.03218
"383","4",120225218,458,0.02475
"384","4",120735787,459,0.0383
"385","4",123605677,460,0.04245
"386","4",124616094,461,0.0351
"387","4",125602513,462,0.03595
"388","4",126678060,463,0.02981
"389","4",128142397,464,0.0231
"390","4",128870794,465,0.02236
"391","4",129474082,466,0.021
"392","4",130246848,467,0.0206
"393","4",131020026,468,0.03019
"394","4",131253027,469,0.03343
"395","4",131414467,470,0.03481
"396","4",131772285,471,0.03343
"397","4",132319359,472,0.03377
"398","4",133379242,473,0.0418
"399","4",134323069,474,0.03969
"400","4",135132142,475,0.05254
"401","4",135782909,476,0.05824
"402","4",136838472,477,0.03981
"403","4",137191963,478,0.03753
"404","4",137510702,479,0.03684
"405","4",137651348,480,0.03372
"406","4",137785492,481,0.04138
"407","4",138002704,482,0.04823
"408","4",138172036,483,0.04839
"409","4",138290669,484,0.03642
"410","4",138412636,485,0.0227
"411","4",138519321,486,0.02525
"412","4",138635955,487,0.03752
"413","4",138898373,488,0.03103
"414","4",139101582,489,0.01893
"415","4",139221795,490,0.02876
"416","4",139402720,491,0.03192
"417","4",139595302,492,0.02628
"418","4",139753098,493,0.02667
"419","4",139914050,494,0.02159
"420","4",140078139,495,0.01955
"421","4",140191153,496,0.02519
"422","4",140301790,497,0.024
"423","4",140421733,498,0.02616
"424","4",140505741,499,0.03119
"425","4",140714669,500,0.05008
"426","4",140823002,501,0.07275
"427","4",141024448,502,0.06165
"428","4",141449735,503,0.06189
"429","4",141860406,504,0.04932
"430","4",142324842,505,0.02745
"431","4",143020929,506,0.03337
"432","4",144997562,507,0.05373
"433","4",145635673,508,0.21292
"434","4",148430356,509,0.22211
"435","4",149551230,510,0.17535
"436","4",149898525,511,0.1639
"437","4",150367383,512,0.05778
"438","4",150812032,513,0.03936
"439","4",151116367,514,0.03971
"440","4",152669273,515,0.03699
"441","4",153840899,516,0.03279
"442","4",154270601,517,0.05266
"443","4",154866279,518,0.05989
"444","4",155814860,519,0.04955
"445","4",155970254,520,0.02818
"446","5",3581620,546,0.05562
"447","5",21235282,547,0.05027
"448","5",22475767,548,0.06018
"449","5",23137711,549,0.05896
"450","5",23528378,550,0.04956
"451","5",23814219,551,0.04698
"452","5",23985107,552,0.04142
"453","5",24188813,553,0.04324
"454","5",24326825,554,0.03947
"455","5",24551761,555,0.04242
"456","5",24651633,556,0.03766
"457","5",24860141,557,0.0261
"458","5",24950418,558,0.02569
"459","5",25058576,559,0.0315
"460","5",25220958,560,0.0333
"461","5",25670901,561,0.03275
"462","5",27612801,562,0.03413
"463","5",28172610,563,0.03749
"464","5",31980598,564,0.03804
"465","5",33550513,565,0.03135
"466","5",35825020,566,0.03903
"467","5",39469184,567,0.04416
"468","5",41450182,568,0.03635
"469","5",42925711,569,0.04222
"470","5",43839216,570,0.04502
"471","5",46889643,571,0.0408
"472","5",48560034,572,0.03378
"473","5",49566646,573,0.03697
"474","5",49983516,574,0.06102
"475","5",50860155,575,0.05046
"476","5",51516705,576,0.02203
"477","5",52106830,577,0.03356
"478","5",53331516,578,0.03247
"479","5",61633274,579,0.04267
"480","5",64431996,580,0.05213
"481","5",67074109,581,0.03717
"482","5",72770848,582,0.02855
"483","5",73595191,583,0.02271
"484","5",74907796,584,0.03859
"485","5",76184282,585,0.08266
"486","5",77089241,586,0.09646
"487","5",78710871,587,0.05917
"488","5",81894636,588,0.03477
"489","5",86312973,589,0.04228
"490","5",91050222,590,0.0498
"491","5",92300241,591,0.03868
"492","5",97915113,592,0.04209
"493","5",100238315,593,0.05101
"494","5",101461380,594,0.04221
"495","5",103587260,595,0.03203
"496","5",104345166,596,0.08588
"497","5",105584223,597,0.735
"498","5",110926588,598,0.81292
"499","5",111296449,599,0.16315
"500","5",111891983,600,0.04384
"501","5",112294664,601,0.04326
"502","5",112535519,602,0.02677
"503","5",113043399,603,0.01759
"504","5",113576288,604,0.069
"505","5",114019137,605,0.24974
"506","5",114622142,606,0.67606
"507","5",115978301,607,0.49904
"508","5",118002108,608,0.04344
"509","5",118728898,609,0.0549
"510","5",119637076,610,0.04021
"511","5",122168727,611,0.03248
"512","5",123452104,612,0.02693
"513","5",124248908,613,0.02342
"514","5",124964212,614,0.0225
"515","5",125666737,615,0.02456
"516","5",126690890,616,0.02713
"517","5",127562106,617,0.03401
"518","5",128659770,618,0.0391
"519","5",128988224,619,0.03392
"520","5",129303583,620,0.03586
"521","5",129863358,621,0.0307
"522","5",130810834,622,0.02194
"523","5",131936513,623,0.02792
"524","5",134512299,624,0.04428
"525","5",136747003,625,0.04044
"526","5",138194972,626,0.02301
"527","5",139771501,627,0.02859
"528","5",141871283,628,0.03672
"529","5",143751486,629,0.03933
"530","5",144558234,630,0.03336
"531","5",146505347,631,0.02454
"532","5",147033887,632,0.02683
"533","5",147618672,633,0.037
"534","5",147932016,634,0.03799
"535","5",148261465,635,0.03526
"536","5",148507478,636,0.03972
"537","5",148647157,637,0.04072
"538","5",149021040,638,0.04171
"539","5",149876544,639,0.02809
"540","6",3372988,665,0.0366
"541","6",6880953,666,0.04442
"542","6",8748306,667,0.04284
"543","6",11056823,668,0.02311
"544","6",14018554,669,0.04122
"545","6",15463550,670,0.04375
"546","6",17812286,671,0.03403
"547","6",18375051,672,0.03947
"548","6",23247844,673,0.04104
"549","6",27587090,674,0.04582
"550","6",30226885,675,0.04296
"551","6",32492001,676,0.03768
"552","6",33874922,677,0.04181
"553","6",34674996,678,0.03509
"554","6",37574064,679,0.04635
"555","6",39277781,680,0.04781
"556","6",41394442,681,0.03126
"557","6",43420826,682,0.02892
"558","6",45429918,683,0.02774
"559","6",48686751,684,0.02904
"560","6",50909187,685,0.02653
"561","6",52053854,686,0.02995
"562","6",53605202,687,0.04212
"563","6",55466839,688,0.03868
"564","6",66604143,689,0.03101
"565","6",68533228,690,0.02841
"566","6",69948574,691,0.0395
"567","6",70936280,692,0.04034
"568","6",71174574,693,0.02955
"569","6",71458078,694,0.02715
"570","6",71730385,695,0.02407
"571","6",72009251,696,0.04245
"572","6",72363960,697,0.05791
"573","6",78118313,698,0.04266
"574","6",79652082,699,0.03354
"575","6",81926807,700,0.04104
"576","6",83172373,701,0.04406
"577","6",83635061,702,0.03822
"578","6",86100716,703,0.03293
"579","6",86673230,704,0.03188
"580","6",87088972,705,0.0341
"581","6",88234800,706,0.04251
"582","6",88998048,707,0.0373
"583","6",90601508,708,0.03296
"584","6",93443764,709,0.03648
"585","6",93998927,710,0.03145
"586","6",94406761,711,0.0383
"587","6",94745370,712,0.03554
"588","6",97586704,713,0.02001
"589","6",99211479,714,0.01874
"590","6",99997492,715,0.02031
"591","6",100763488,716,0.02807
"592","6",101352187,717,0.04137
"593","6",101816602,718,0.03767
"594","6",102737432,719,0.0344
"595","6",103657097,720,0.04568
"596","6",105618976,721,0.04222
"597","6",106566206,722,0.04259
"598","6",107040106,723,0.0469
"599","6",108541442,724,0.05
"600","6",110331381,725,0.06071
"601","6",112630360,726,0.05019
"602","6",113038435,727,0.0375
"603","6",113835747,728,0.0377
"604","6",114061050,729,0.02993
"605","6",114662687,730,0.05226
"606","6",115068800,731,0.06462
"607","6",115864297,732,0.04992
"608","6",116420617,733,0.08118
"609","6",116868908,734,0.1146
"610","6",117110445,735,0.06983
"611","6",117622619,736,0.02454
"612","6",118347317,737,0.02327
"613","6",119432931,738,0.0236
"614","6",120778354,739,0.02598
"615","6",121063822,740,0.03561
"616","6",122286857,741,0.03675
"617","6",124143109,742,0.03157
"618","6",125215636,743,0.03529
"619","6",125585541,744,0.04242
"620","6",126485273,745,0.09985
"621","6",126757288,746,0.11048
"622","6",127965220,747,0.0629
"623","6",128401550,748,0.05269
"624","6",129182678,749,0.04208
"625","6",129912082,750,0.07948
"626","6",131322621,751,0.13902
"627","6",132131846,752,0.12271
"628","6",132732627,753,0.0709
"629","6",134219536,754,0.03866
"630","6",135006305,755,0.02662
"631","6",135834122,756,0.0233
"632","6",137071038,757,0.03076
"633","6",137810776,758,0.03339
"634","6",138491427,759,0.03641
"635","6",139214161,760,0.06155
"636","6",140048963,761,0.05143
"637","6",140978315,762,0.02432
"638","6",143276113,763,0.02718
"639","6",144352848,764,0.03255
"640","6",145020637,765,0.08658
"641","6",145265142,766,0.08691
"642","6",145414233,767,0.04059
"643","6",145517972,768,0.03808
"644","6",145820791,769,0.02702
"645","6",146222207,770,0.02962
"646","6",146425247,771,0.03997
"647","6",146777201,772,0.04006
"648","6",147052174,773,0.03644
"649","7",3131676,799,0.04192
"650","7",10708072,800,0.60782
"651","7",16142887,801,0.60748
"652","7",16572794,802,0.06062
"653","7",17111521,803,0.0399
"654","7",18481310,804,0.02309
"655","7",18894969,805,0.04035
"656","7",19209434,806,0.04406
"657","7",19392309,807,0.0241
"658","7",19559045,808,0.02511
"659","7",19792005,809,0.03131
"660","7",23506219,810,0.03502
"661","7",24287460,811,0.03667
"662","7",24452015,812,0.03319
"663","7",24710856,813,0.03247
"664","7",25661061,814,0.03346
"665","7",27270780,815,0.02707
"666","7",27862027,816,0.0337
"667","7",28621900,817,0.03391
"668","7",29047514,818,0.04619
"669","7",29926626,819,0.04456
"670","7",30531687,820,0.02639
"671","7",30898484,821,0.02328
"672","7",33300880,822,0.01524
"673","7",34560979,823,0.01627
"674","7",34978888,824,0.02181
"675","7",35824455,825,0.02867
"676","7",37537330,826,0.0357
"677","7",39695942,827,0.05133
"678","7",40891625,828,0.04717
"679","7",43511643,829,0.03233
"680","7",44441420,830,0.05673
"681","7",44789707,831,0.0842
"682","7",45409029,832,0.06941
"683","7",46167010,833,0.03238
"684","7",48107056,834,0.02165
"685","7",49061513,835,0.02791
"686","7",49536221,836,0.03175
"687","7",50910113,837,0.05522
"688","7",52840271,838,0.05264
"689","7",57137975,839,0.02743
"690","7",66676846,840,0.0287
"691","7",67013430,841,0.0383
"692","7",67748833,842,0.05018
"693","7",73044730,843,0.04906
"694","7",74303032,844,0.03613
"695","7",75277968,845,0.03693
"696","7",76185023,846,0.04991
"697","7",78998297,847,0.0589
"698","7",80287987,848,0.07772
"699","7",80503900,849,0.06831
"700","7",83521244,850,0.06233
"701","7",92883224,851,0.05355
"702","7",98503285,852,0.02308
"703","7",99330943,853,0.02101
"704","7",100039873,854,0.02904
"705","7",105570900,855,0.03364
"706","7",109167670,856,0.02773
"707","7",110729052,857,0.02782
"708","7",112759593,858,0.0376
"709","7",113867913,859,0.03148
"710","7",115069148,860,0.03912
"711","7",119226516,861,0.03814
"712","7",123445596,862,0.02379
"713","7",125415598,863,0.02645
"714","7",125549771,864,0.02563
"715","7",125670827,865,0.03422
"716","7",126602996,866,0.03708
"717","7",131891189,867,0.03762
"718","7",136437054,868,0.04087
"719","7",138290656,869,0.04126
"720","7",142902177,870,0.03093
"721","8",4178104,896,0.05386
"722","8",11182722,897,0.03511
"723","8",14192915,898,0.03914
"724","8",20146977,899,0.037
"725","8",28381791,900,0.03085
"726","8",29250780,901,0.05304
"727","8",32919625,902,0.10564
"728","8",33612224,903,0.10106
"729","8",33891976,904,0.05358
"730","8",34457724,905,0.03788
"731","8",35273423,906,0.08101
"732","8",47937675,907,0.07563
"733","8",51596419,908,0.02397
"734","8",54362696,909,0.02729
"735","8",57450461,910,0.02573
"736","8",60102488,911,0.04241
"737","8",61550431,912,0.08148
"738","8",66520061,913,0.06454
"739","8",69235184,914,0.03242
"740","8",69891053,915,0.04675
"741","8",70157682,916,0.04272
"742","8",70423241,917,0.03633
"743","8",70684030,918,0.04215
"744","8",70868173,919,0.04684
"745","8",71263219,920,0.04278
"746","8",71492842,921,0.0438
"747","8",71964304,922,0.04576
"748","8",72200655,923,0.03726
"749","8",72462673,924,0.04181
"750","8",73871829,925,0.04027
"751","8",75150783,926,0.03999
"752","8",76048512,927,0.03924
"753","8",77257490,928,0.03689
"754","8",78018172,929,0.03568
"755","8",78825089,930,0.02468
"756","8",79872485,931,0.02006
"757","8",80750529,932,0.02432
"758","8",82341782,933,0.0364
"759","8",83383326,934,0.03917
"760","8",84178095,935,0.03501
"761","8",85271133,936,0.03453
"762","8",88647220,937,0.03649
"763","8",88827124,938,0.03636
"764","8",89056708,939,0.03318
"765","8",90677077,940,0.04415
"766","8",91405732,941,0.05011
"767","8",92082856,942,0.04652
"768","8",92972574,943,0.1017
"769","8",95131425,944,0.11641
"770","8",95654321,945,0.06309
"771","8",97305054,946,0.04236
"772","8",110430023,947,0.03402
"773","8",115983289,948,0.0359
"774","8",116610445,949,0.06359
"775","8",117097490,950,0.05847
"776","8",119748778,951,0.02349
"777","8",121729097,952,0.0215
"778","8",121888812,953,0.08925
"779","8",122077666,954,0.08647
"780","8",122289404,955,0.04432
"781","8",122920811,956,0.07193
"782","8",123236269,957,0.05512
"783","8",123786762,958,0.03486
"784","8",124197854,959,0.03362
"785","8",124317100,960,0.02921
"786","8",124562675,961,0.02709
"787","8",124982614,962,0.0297
"788","8",125418482,963,0.02833
"789","8",125650846,964,0.02321
"790","8",126067331,965,0.02489
"791","8",126751917,966,0.01715
"792","9",3280536,992,0.05159
"793","9",13588047,993,0.0826
"794","9",16187874,994,0.09001
"795","9",17235848,995,0.04887
"796","9",20672548,996,0.03634
"797","9",21752787,997,0.02439
"798","9",25377816,998,0.02157
"799","9",28205384,999,0.03775
"800","9",29611145,1000,0.04015
"801","9",31458531,1001,0.03067
"802","9",32737383,1002,0.03011
"803","9",34522804,1003,0.03896
"804","9",35041816,1004,0.04439
"805","9",36844666,1005,0.04566
"806","9",37923121,1006,0.04103
"807","9",40710338,1007,0.0437
"808","9",42022644,1008,0.03134
"809","9",42995942,1009,0.02608
"810","9",43668235,1010,0.02706
"811","9",43965146,1011,0.02862
"812","9",45122566,1012,0.04123
"813","9",47392008,1013,0.0409
"814","9",48742920,1014,0.02615
"815","9",50506099,1015,0.02585
"816","9",52654986,1016,0.02804
"817","9",58322915,1017,0.03927
"818","9",62486090,1018,0.03959
"819","9",67806383,1019,0.0282
"820","9",69584208,1020,0.03111
"821","9",74776792,1021,0.02856
"822","9",79592366,1022,0.02686
"823","9",80682324,1023,0.03085
"824","9",81864094,1024,0.03298
"825","9",82998552,1025,0.02988
"826","9",83516500,1026,0.03497
"827","9",87200692,1027,0.03485
"828","9",89653597,1028,0.03017
"829","9",90243803,1029,0.02867
"830","9",92683654,1030,0.02881
"831","9",93898692,1031,0.03634
"832","9",95191072,1032,0.04235
"833","9",95832333,1033,0.03987
"834","9",96851556,1034,0.04527
"835","9",97140265,1035,0.04121
"836","9",97633509,1036,0.04888
"837","9",97874034,1037,0.04871
"838","9",98035210,1038,0.09104
"839","9",98364053,1039,0.1093
"840","9",98591092,1040,0.07053
"841","9",98759353,1041,0.16817
"842","9",98935676,1042,0.16155
"843","9",99636195,1043,0.05351
"844","9",100166888,1044,0.06018
"845","9",101250054,1045,0.0692
"846","9",101997220,1046,0.07628
"847","9",102596354,1047,0.12226
"848","9",103583339,1048,0.15249
"849","9",105779877,1049,0.08489
"850","9",108159322,1050,0.02395
"851","9",110662402,1051,0.01952
"852","9",111236975,1052,0.03589
"853","9",112215347,1053,0.0399
"854","9",113703124,1054,0.03094
"855","9",115115277,1055,0.02771
"856","9",116108147,1056,0.11019
"857","9",116836765,1057,0.11301
"858","9",117782383,1058,0.02338
"859","9",118003496,1059,0.02105
"860","9",118889721,1060,0.03136
"861","9",119501157,1061,0.03954
"862","9",120425659,1062,0.03437
"863","9",121076878,1063,0.03636
"864","10",3126399,1089,0.02002
"865","10",3990019,1090,0.02084
"866","10",5324041,1091,0.02947
"867","10",6151471,1092,0.02754
"868","10",7152432,1093,0.02118
"869","10",7823144,1094,0.02252
"870","10",8741795,1095,0.02357
"871","10",9461514,1096,0.02242
"872","10",10885644,1097,0.03279
"873","10",13245120,1098,0.03236
"874","10",16316403,1099,0.03617
"875","10",17970469,1100,0.03723
"876","10",19126739,1101,0.02986
"877","10",20140603,1102,0.03962
"878","10",23142881,1103,0.04969
"879","10",25171761,1104,0.06148
"880","10",25858250,1105,0.55132
"881","10",28124256,1106,0.7134
"882","10",31401812,1107,0.218
"883","10",33886679,1108,0.0399
"884","10",58329509,1109,0.03891
"885","10",61406448,1110,0.03058
"886","10",67939808,1111,0.02746
"887","10",70903256,1112,0.04171
"888","10",74551818,1113,0.05566
"889","10",75780158,1114,0.0406
"890","10",76762113,1115,0.03682
"891","10",77475975,1116,0.04267
"892","10",77752948,1117,0.04215
"893","10",78221420,1118,0.09128
"894","10",79524323,1119,0.14388
"895","10",80383460,1120,0.13097
"896","10",80870382,1121,0.12809
"897","10",81316636,1122,0.08676
"898","10",83941867,1123,0.0444
"899","10",84444194,1124,0.04559
"900","10",84834941,1125,0.03793
"901","10",85212388,1126,0.03638
"902","10",85465934,1127,0.04104
"903","10",85621217,1128,0.04065
"904","10",86044550,1129,0.03448
"905","10",88665462,1130,0.05245
"906","10",90973893,1131,0.08165
"907","10",91330273,1132,0.06288
"908","10",99596164,1133,0.02868
"909","10",104980727,1134,0.03434
"910","10",108033835,1135,0.1699
"911","10",118140450,1136,0.27329
"912","10",121267229,1137,0.14451
"913","10",122905757,1138,0.02594
"914","10",124141524,1139,0.03231
"915","10",125549454,1140,0.0367
"916","10",126715762,1141,0.04003
"917","10",127514936,1142,0.02965
"918","11",3132720,1168,0.16334
"919","11",4752929,1169,0.15978
"920","11",5867814,1170,0.03978
"921","11",6621069,1171,0.04742
"922","11",10458802,1172,0.03801
"923","11",12190855,1173,0.02466
"924","11",13174235,1174,0.02026
"925","11",16452572,1175,0.02263
"926","11",17732182,1176,0.03493
"927","11",18528556,1177,0.0456
"928","11",19765024,1178,0.03477
"929","11",20911482,1179,0.02082
"930","11",21634579,1180,0.02381
"931","11",23103584,1181,0.02976
"932","11",25424202,1182,0.03041
"933","11",27789050,1183,0.03133
"934","11",28681884,1184,0.03053
"935","11",29248179,1185,0.02517
"936","11",29873068,1186,0.0323
"937","11",30713312,1187,0.03249
"938","11",32141136,1188,0.01947
"939","11",32423285,1189,0.01839
"940","11",32701378,1190,0.02
"941","11",32898807,1191,0.02778
"942","11",33118238,1192,0.03475
"943","11",33486494,1193,0.03133
"944","11",33757520,1194,0.06747
"945","11",33953221,1195,0.07814
"946","11",34261327,1196,0.06131
"947","11",34484975,1197,0.08909
"948","11",34858830,1198,0.09857
"949","11",35215998,1199,0.06341
"950","11",35327000,1200,0.03938
"951","11",35619663,1201,0.0362
"952","11",35854408,1202,0.03225
"953","11",35953865,1203,0.02659
"954","11",36247429,1204,0.02806
"955","11",36985273,1205,0.03193
"956","11",37767250,1206,0.02212
"957","11",39137242,1207,0.01887
"958","11",40685303,1208,0.03152
"959","11",42083186,1209,0.03994
"960","11",43552777,1210,0.0374
"961","11",44942906,1211,0.03333
"962","11",45920309,1212,0.02808
"963","11",46541802,1213,0.01976
"964","11",47099973,1214,0.02569
"965","11",49092201,1215,0.0477
"966","11",50181257,1216,0.04725
"967","11",51217073,1217,0.02723
"968","11",51892724,1218,0.02279
"969","11",52341657,1219,0.02789
"970","11",52946446,1220,0.02788
"971","11",53624735,1221,0.02292
"972","11",55505495,1222,0.02475
"973","11",57635727,1223,0.03266
"974","11",58892112,1224,0.03803
"975","11",59322329,1225,0.03904
"976","11",59893139,1226,0.03027
"977","11",60196878,1227,0.0212
"978","11",60862845,1228,0.03534
"979","11",61205313,1229,0.03382
"980","11",61659497,1230,0.02691
"981","11",62021496,1231,0.03935
"982","11",62853604,1232,0.03691
"983","11",63583606,1233,0.02437
"984","11",64272157,1234,0.02139
"985","11",64781925,1235,0.02255
"986","11",66660759,1236,0.02693
"987","11",68001544,1237,0.03021
"988","11",68923469,1238,0.03215
"989","11",70305887,1239,0.03313
"990","11",71467268,1240,0.03741
"991","11",71674714,1241,0.03831
"992","11",72718770,1242,0.03223
"993","11",73249103,1243,0.03601
"994","11",74612866,1244,0.04181
"995","11",76725328,1245,0.05223
"996","11",78438708,1246,0.06092
"997","11",79613704,1247,0.05378
"998","11",81008373,1248,0.03873
"999","11",82222353,1249,0.03014
"1000","11",82578229,1250,0.0226
"1001","11",82890700,1251,0.02081
"1002","11",83900408,1252,0.02535
"1003","11",86228418,1253,0.02438
"1004","11",88944474,1254,0.02749
"1005","11",89264218,1255,0.02901
"1006","11",89533606,1256,0.02441
"1007","11",90769505,1257,0.02671
"1008","11",93527081,1258,0.02815
"1009","11",94565854,1259,0.02308
"1010","11",94999524,1260,0.0222
"1011","11",95358560,1261,0.02778
"1012","11",95633583,1262,0.0309
"1013","11",96037366,1263,0.02589
"1014","11",96485162,1264,0.02132
"1015","11",96816977,1265,0.06184
"1016","11",97011112,1266,0.12909
"1017","11",97477114,1267,0.12747
"1018","11",97795005,1268,0.11069
"1019","11",98012969,1269,0.18625
"1020","11",98379362,1270,0.13238
"1021","11",99322166,1271,0.0176
"1022","11",101138208,1272,0.0271
"1023","11",102082473,1273,0.03209
"1024","11",102892689,1274,0.03038
"1025","11",103791937,1275,0.02786
"1026","11",104403486,1276,0.06997
"1027","11",105548874,1277,0.07549
"1028","11",107619947,1278,0.03066
"1029","11",108862114,1279,0.02894
"1030","11",110547262,1280,0.02856
"1031","11",112509805,1281,0.04353
"1032","11",112902865,1282,0.05535
"1033","11",114949790,1283,0.05763
"1034","11",115664513,1284,0.04781
"1035","11",116201869,1285,0.03208
"1036","11",116333537,1286,0.04007
"1037","11",116814208,1287,0.0376
"1038","11",117296300,1288,0.02998
"1039","11",118315909,1289,0.03599
"1040","11",119138975,1290,0.03025
"1041","11",119429159,1291,0.0257
"1042","11",119556225,1292,0.0304
"1043","11",119726189,1293,0.02879
"1044","11",119898992,1294,0.02496
"1045","11",120033745,1295,0.0326
"1046","11",120191994,1296,0.04699
"1047","11",120427923,1297,0.04581
"1048","11",120936998,1298,0.0435
"1049","11",121146405,1299,0.0363
"1050","12",3343541,1325,0.02411
"1051","12",4022054,1326,0.02197
"1052","12",5240421,1327,0.02526
"1053","12",7819369,1328,0.05057
"1054","12",10823970,1329,0.05506
"1055","12",11400264,1330,0.03459
"1056","12",12222055,1331,0.03383
"1057","12",12531661,1332,0.03634
"1058","12",12807639,1333,0.03653
"1059","12",13157318,1334,0.03756
"1060","12",13446869,1335,0.04892
"1061","12",13720374,1336,0.04464
"1062","12",14893994,1337,0.02846
"1063","12",15815848,1338,0.02266
"1064","12",16258493,1339,0.02727
"1065","12",16540690,1340,0.04496
"1066","12",16767823,1341,0.05321
"1067","12",17137059,1342,0.04618
"1068","12",17440498,1343,0.03825
"1069","12",23184670,1344,0.03286
"1070","12",25334813,1345,0.02295
"1071","12",26312669,1346,0.03069
"1072","12",27105104,1347,0.03427
"1073","12",28277215,1348,0.03547
"1074","12",28709930,1349,0.03726
"1075","12",28949568,1350,0.03232
"1076","12",29850107,1351,0.04252
"1077","12",30403463,1352,0.04697
"1078","12",31559359,1353,0.03567
"1079","12",32636528,1354,0.04246
"1080","12",33005014,1355,0.04256
"1081","12",33992533,1356,0.03884
"1082","12",35154999,1357,0.04357
"1083","12",37479175,1358,0.04101
"1084","12",40494229,1359,0.04332
"1085","12",41479172,1360,0.03632
"1086","12",42842968,1361,0.02326
"1087","12",44548779,1362,0.0321
"1088","12",45187932,1363,0.03905
"1089","12",47696796,1364,0.04855
"1090","12",50974489,1365,0.05773
"1091","12",52321094,1366,0.04569
"1092","12",53870518,1367,0.03181
"1093","12",54761797,1368,0.0279
"1094","12",55838291,1369,0.0584
"1095","12",56861615,1370,0.05392
"1096","12",58700682,1371,0.03017
"1097","12",60319885,1372,0.05306
"1098","12",64473031,1373,0.0786
"1099","12",66037607,1374,0.06081
"1100","12",68629298,1375,0.03138
"1101","12",70857513,1376,0.02734
"1102","12",72430018,1377,0.0293
"1103","12",73657972,1378,0.03556
"1104","12",74395650,1379,0.03786
"1105","12",75464554,1380,0.02805
"1106","12",76054938,1381,0.03092
"1107","12",76514651,1382,0.04191
"1108","12",77053039,1383,0.04614
"1109","12",78957084,1384,0.0436
"1110","12",79902672,1385,0.03874
"1111","12",80222784,1386,0.04724
"1112","12",81704055,1387,0.07838
"1113","12",82313242,1388,0.13627
"1114","12",83078053,1389,0.10003
"1115","12",84874070,1390,0.03327
"1116","12",85623696,1391,0.03385
"1117","12",86364114,1392,0.03967
"1118","12",86922896,1393,0.04524
"1119","12",88542093,1394,0.03908
"1120","12",90302891,1395,0.02841
"1121","12",91816252,1396,0.02693
"1122","12",93097284,1397,0.02599
"1123","12",95056251,1398,0.02915
"1124","12",97360541,1399,0.074
"1125","12",98953788,1400,0.11331
"1126","12",100142660,1401,0.07111
"1127","12",102354287,1402,0.02664
"1128","12",103473481,1403,0.02974
"1129","12",104241656,1404,0.06615
"1130","12",104835943,1405,0.08959
"1131","12",105379257,1406,0.06461
"1132","12",105752519,1407,0.06786
"1133","12",106819896,1408,0.06263
"1134","12",107630218,1409,0.04599
"1135","12",108138041,1410,0.05601
"1136","12",108252175,1411,0.05928
"1137","12",108447599,1412,0.0478
"1138","12",108701584,1413,0.03058
"1139","12",109026932,1414,0.02826
"1140","12",109394443,1415,0.05679
"1141","12",109771580,1416,0.10346
"1142","12",110083764,1417,0.09717
"1143","12",110779980,1418,0.05401
"1144","12",111670648,1419,0.04363
"1145","12",111842774,1420,0.04499
"1146","12",112078859,1421,0.03885
"1147","12",112164615,1422,0.05388
"1148","12",112318405,1423,0.08895
"1149","12",112474915,1424,0.0835
"1150","12",112587388,1425,0.04959
"1151","12",112676284,1426,0.02979
"1152","12",112763295,1427,0.02639
"1153","12",112931063,1428,0.0294
"1154","12",113062326,1429,0.04352
"1155","12",113240179,1430,0.03838
"1156","12",113483311,1431,0.02998
"1157","12",114265030,1432,0.03169
"1158","12",114826679,1433,0.02721
"1159","12",115664357,1434,0.032
"1160","12",116282385,1435,0.0466
"1161","12",116646046,1436,0.04084
"1162","12",116876690,1437,0.04038
"1163","12",117341069,1438,0.06731
"1164","12",117831537,1439,0.15464
"1165","12",118052759,1440,0.1589
"1166","13",3222373,1466,0.03051
"1167","13",5988641,1467,0.01697
"1168","13",6648524,1468,0.01586
"1169","13",7475908,1469,0.02466
"1170","13",8271477,1470,0.04742
"1171","13",8872814,1471,0.09057
"1172","13",9517602,1472,0.09594
"1173","13",9886674,1473,0.05492
"1174","13",10577600,1474,0.03174
"1175","13",11524027,1475,0.02543
"1176","13",12022385,1476,0.02836
"1177","13",12316196,1477,0.11799
"1178","13",14911580,1478,0.91026
"1179","13",15942662,1479,1
"1180","13",16625541,1480,0.99664
"1181","13",17629716,1481,0.03744
"1182","13",18233041,1482,0.02489
"1183","13",18796807,1483,0.03093
"1184","13",19339866,1484,0.03856
"1185","13",19662731,1485,0.05943
"1186","13",20124134,1486,0.28676
"1187","13",20311706,1487,0.28109
"1188","13",20787463,1488,0.07291
"1189","13",21303607,1489,0.06797
"1190","13",21860299,1490,0.04101
"1191","13",23772831,1491,0.04198
"1192","13",24200270,1492,0.04314
"1193","13",24701362,1493,0.03439
"1194","13",25071346,1494,0.02915
"1195","13",31971592,1495,0.02262
"1196","13",32677750,1496,0.02752
"1197","13",34709075,1497,0.02398
"1198","13",36086217,1498,0.02207
"1199","13",37417658,1499,0.03537
"1200","13",38892799,1500,0.05318
"1201","13",40883641,1501,0.04747
"1202","13",42976392,1502,0.02973
"1203","13",43244448,1503,0.02943
"1204","13",44253899,1504,0.0328
"1205","13",45548674,1505,0.03334
"1206","13",47149401,1506,0.0352
"1207","13",48829203,1507,0.0438
"1208","13",51404705,1508,0.0581
"1209","13",52080711,1509,0.06086
"1210","13",54245436,1510,0.03662
"1211","13",57597314,1511,0.03116
"1212","13",58877023,1512,0.04105
"1213","13",59601186,1513,0.03023
"1214","13",60327796,1514,0.04032
"1215","13",63099150,1515,0.04663
"1216","13",67410306,1516,0.03851
"1217","13",69252773,1517,0.03454
"1218","13",71631346,1518,0.03992
"1219","13",72552832,1519,0.05118
"1220","13",81153349,1520,0.04133
"1221","13",92178381,1521,0.02956
"1222","13",94224702,1522,0.03122
"1223","13",95351554,1523,0.03136
"1224","13",95638942,1524,0.07396
"1225","13",96002922,1525,0.07924
"1226","13",97034553,1526,0.04129
"1227","13",98208907,1527,0.03556
"1228","13",99952872,1528,0.03306
"1229","13",104780759,1529,0.0547
"1230","13",107058394,1530,0.06352
"1231","13",108182896,1531,0.05361
"1232","13",109909369,1532,0.05521
"1233","13",110283231,1533,0.05125
"1234","13",110734117,1534,0.04718
"1235","13",111244294,1535,0.04262
"1236","13",111784581,1536,0.02938
"1237","13",112990651,1537,0.02151
"1238","13",113470980,1538,0.02734
"1239","13",113829962,1539,0.03224
"1240","13",114476993,1540,0.05546
"1241","13",115015867,1541,0.05131
"1242","13",115747414,1542,0.02114
"1243","13",116453073,1543,0.01638
"1244","13",117095029,1544,0.03003
"1245","13",118596340,1545,0.02289
"1246","14",7832724,1571,0.03738
"1247","14",10739485,1572,0.03223
"1248","14",11419209,1573,0.04226
"1249","14",11757628,1574,0.0404
"1250","14",12141098,1575,0.04685
"1251","14",12554671,1576,0.06656
"1252","14",14822017,1577,0.11645
"1253","14",15698076,1578,0.09274
"1254","14",18417446,1579,0.02273
"1255","14",23039801,1580,0.0402
"1256","14",24275152,1581,0.04698
"1257","14",25546437,1582,0.02194
"1258","14",27794565,1583,0.01992
"1259","14",29028526,1584,0.03166
"1260","14",30173262,1585,0.03814
"1261","14",32182861,1586,0.04659
"1262","14",33040547,1587,0.05569
"1263","14",33265648,1588,0.04486
"1264","14",33511102,1589,0.02929
"1265","14",33869490,1590,0.02786
"1266","14",34050617,1591,0.04131
"1267","14",34297373,1592,0.0454
"1268","14",34604861,1593,0.03579
"1269","14",35032637,1594,0.03359
"1270","14",35251456,1595,0.03
"1271","14",35902837,1596,0.12942
"1272","14",36590158,1597,0.13307
"1273","14",37104055,1598,0.0337
"1274","14",38316981,1599,0.02764
"1275","14",39688984,1600,0.02987
"1276","14",41586567,1601,0.0291
"1277","14",55182798,1602,0.02711
"1278","14",60683911,1603,0.03195
"1279","14",67820650,1604,0.03207
"1280","14",70356006,1605,0.02842
"1281","14",70920626,1606,0.03422
"1282","14",72369218,1607,0.04459
"1283","14",73113512,1608,0.07331
"1284","14",74163649,1609,0.11794
"1285","14",74883304,1610,0.08429
"1286","14",75201954,1611,0.0382
"1287","14",75735221,1612,0.04196
"1288","14",76747209,1613,0.0407
"1289","14",77384226,1614,0.03622
"1290","14",77922666,1615,0.02555
"1291","14",79138261,1616,0.02224
"1292","14",80397940,1617,0.02333
"1293","14",82586326,1618,0.02269
"1294","14",84444648,1619,0.02572
"1295","14",85207221,1620,0.02847
"1296","14",86393566,1621,0.0292
"1297","14",86823803,1622,0.02892
"1298","14",87347553,1623,0.03126
"1299","14",88084908,1624,0.03922
"1300","14",89114896,1625,0.02917
"1301","14",90715319,1626,0.06198
"1302","14",92629852,1627,0.08459
"1303","14",93476075,1628,0.04575
"1304","14",94447313,1629,0.03031
"1305","14",95684792,1630,0.03632
"1306","14",96173965,1631,0.03601
"1307","14",97221752,1632,0.03579
"1308","14",97874955,1633,0.03079
"1309","14",98921049,1634,0.02325
"1310","14",99415067,1635,0.02327
"1311","14",100363535,1636,0.02238
"1312","14",101635006,1637,0.02614
"1313","14",103039311,1638,0.02978
"1314","14",104785445,1639,0.03693
"1315","14",106006992,1640,0.04189
"1316","14",108394204,1641,0.04819
"1317","14",110332447,1642,0.03897
"1318","14",112325917,1643,0.03132
"1319","14",114957915,1644,0.06195
"1320","14",116915942,1645,0.05361
"1321","14",118199529,1646,0.02872
"1322","14",119591461,1647,0.04131
"1323","14",120487639,1648,0.04136
"1324","14",120774259,1649,0.03673
"1325","14",121247034,1650,0.04391
"1326","14",121543768,1651,0.04435
"1327","14",121695527,1652,0.07886
"1328","15",3185146,1678,0.03389
"1329","15",7129909,1679,0.01602
"1330","15",8978429,1680,0.01522
"1331","15",10818357,1681,0.01476
"1332","15",11550252,1682,0.02195
"1333","15",12657571,1683,0.03199
"1334","15",14124119,1684,0.07579
"1335","15",19284106,1685,0.09589
"1336","15",20777821,1686,0.08042
"1337","15",22183722,1687,0.07627
"1338","15",25045040,1688,0.05671
"1339","15",26008148,1689,0.03767
"1340","15",27589929,1690,0.0293
"1341","15",31393920,1691,0.18284
"1342","15",34007816,1692,0.23253
"1343","15",34514853,1693,0.08469
"1344","15",34815273,1694,0.044
"1345","15",35296033,1695,0.0402
"1346","15",36032635,1696,0.03142
"1347","15",36435064,1697,0.18084
"1348","15",37352920,1698,0.19336
"1349","15",38228224,1699,0.06558
"1350","15",39856002,1700,0.05741
"1351","15",41292853,1701,0.03551
"1352","15",44643928,1702,0.05313
"1353","15",51176814,1703,0.05583
"1354","15",53297745,1704,0.04202
"1355","15",54736436,1705,0.04226
"1356","15",58312587,1706,0.04202
"1357","15",59825815,1707,0.06636
"1358","15",62102412,1708,0.06026
"1359","15",64428391,1709,0.03701
"1360","15",66177657,1710,0.03039
"1361","15",67075169,1711,0.03343
"1362","15",68683970,1712,0.07198
"1363","15",73174390,1713,0.11161
"1364","15",73910323,1714,0.10024
"1365","15",75273661,1715,0.11055
"1366","15",76441738,1716,0.1299
"1367","15",77004768,1717,0.07674
"1368","15",78139190,1718,0.06518
"1369","15",78691870,1719,0.06079
"1370","15",79547416,1720,0.03339
"1371","15",81303280,1721,0.03999
"1372","15",82236963,1722,0.04242
"1373","15",82994125,1723,0.02642
"1374","15",83638762,1724,0.03214
"1375","15",84447811,1725,0.03453
"1376","15",84819595,1726,0.02915
"1377","15",84960925,1727,0.03031
"1378","15",85380693,1728,0.0304
"1379","15",85719418,1729,0.02924
"1380","15",85932485,1730,0.0192
"1381","15",86154586,1731,0.02119
"1382","15",86461950,1732,0.03052
"1383","15",86858880,1733,0.04047
"1384","15",87492454,1734,0.04617
"1385","15",87852935,1735,0.0521
"1386","15",88195441,1736,0.05001
"1387","15",88578462,1737,0.03616
"1388","15",88921069,1738,0.04997
"1389","15",89538558,1739,0.05338
"1390","15",94148457,1740,0.03466
"1391","15",95427246,1741,0.02558
"1392","15",96206755,1742,0.03221
"1393","15",97616284,1743,0.02907
"1394","15",98034786,1744,0.0307
"1395","15",98492332,1745,0.03093
"1396","15",99562843,1746,0.01873
"1397","15",100480495,1747,0.04071
"1398","15",101035330,1748,0.04541
"1399","15",102112131,1749,0.01534
"1400","16",3679569,1775,0.0325
"1401","16",16692983,1776,0.02565
"1402","16",28713889,1777,0.02636
"1403","16",29846439,1778,0.03118
"1404","16",31025126,1779,0.03252
"1405","16",31569840,1780,0.02696
"1406","16",32088900,1781,0.03263
"1407","16",33105436,1782,0.0556
"1408","16",35825912,1783,0.07023
"1409","16",38817198,1784,0.06185
"1410","16",45683998,1785,0.04879
"1411","16",50361213,1786,0.03962
"1412","16",52653181,1787,0.03562
"1413","16",70631718,1788,0.02729
"1414","17",3215160,1814,0.03636
"1415","17",3530869,1815,0.03309
"1416","17",4195096,1816,0.03066
"1417","17",4707754,1817,0.02244
"1418","17",5531914,1818,0.03534
"1419","17",5940770,1819,0.05035
"1420","17",6861764,1820,0.04267
"1421","17",8360611,1821,0.02874
"1422","17",9105847,1822,0.03285
"1423","17",9938744,1823,0.03365
"1424","17",10448614,1824,0.03912
"1425","17",11113564,1825,0.03685
"1426","17",11941053,1826,0.0312
"1427","17",12432240,1827,0.06876
"1428","17",14111595,1828,0.09001
"1429","17",14419822,1829,0.07018
"1430","17",15215666,1830,0.05014
"1431","17",18375450,1831,0.07145
"1432","17",21558018,1832,0.06551
"1433","17",23567219,1833,0.03358
"1434","17",24397505,1834,0.0599
"1435","17",24929519,1835,0.06316
"1436","17",25498041,1836,0.05853
"1437","17",25744570,1837,0.08755
"1438","17",26378486,1838,0.06203
"1439","17",27090032,1839,0.14035
"1440","17",27416251,1840,0.31036
"1441","17",27606812,1841,0.20415
"1442","17",28585355,1842,0.04816
"1443","17",29167135,1843,0.06428
"1444","17",29588867,1844,0.04655
"1445","17",30062501,1845,0.03344
"1446","17",30266113,1846,0.03472
"1447","17",30481866,1847,0.04163
"1448","17",30807428,1848,0.05025
"1449","17",31015288,1849,0.04162
"1450","17",31598466,1850,0.03619
"1451","17",32064882,1851,0.03734
"1452","17",32563663,1852,0.05062
"1453","17",32959858,1853,0.07228
"1454","17",33911624,1854,0.06075
"1455","17",34088688,1855,0.06596
"1456","17",34250701,1856,0.0869
"1457","17",34615417,1857,0.09084
"1458","17",34854922,1858,0.065
"1459","17",35227984,1859,0.04267
"1460","17",35528645,1860,0.14282
"1461","17",35728049,1861,0.16816
"1462","17",36061972,1862,0.09202
"1463","17",36233792,1863,0.13147
"1464","17",36681786,1864,0.10284
"1465","17",37394989,1865,0.03714
"1466","17",40360639,1866,0.06845
"1467","17",42583147,1867,0.05649
"1468","17",43332366,1868,0.03059
"1469","17",43906211,1869,0.02443
"1470","17",44899603,1870,0.02227
"1471","17",45835556,1871,0.0236
"1472","17",46303447,1872,0.03263
"1473","17",46525486,1873,0.04122
"1474","17",47302111,1874,0.03581
"1475","17",47725415,1875,0.03992
"1476","17",48250200,1876,0.04153
"1477","17",48733765,1877,0.03513
"1478","17",49289245,1878,0.02546
"1479","17",49834534,1879,0.01972
"1480","17",49974652,1880,0.02541
"1481","17",50085972,1881,0.02415
"1482","17",50482894,1882,0.02659
"1483","17",51472792,1883,0.02942
"1484","17",52657609,1884,0.03313
"1485","17",54432366,1885,0.02842
"1486","17",56606673,1886,0.04744
"1487","17",58138154,1887,0.07869
"1488","17",62646952,1888,0.06349
"1489","17",65842572,1889,0.04783
"1490","17",68755157,1890,0.06582
"1491","17",70467656,1891,0.07971
"1492","17",71716850,1892,0.05743
"1493","17",73261343,1893,0.02966
"1494","17",73886176,1894,0.02301
"1495","17",74368836,1895,0.02631
"1496","17",74800795,1896,0.02746
"1497","17",75068181,1897,0.03055
"1498","17",75441677,1898,0.02893
"1499","17",76359313,1899,0.02942
"1500","17",83041550,1900,0.0414
"1501","17",84866199,1901,0.04598
"1502","17",86358108,1902,0.05043
"1503","17",86814126,1903,0.05829
"1504","17",87284968,1904,0.06115
"1505","17",88514754,1905,0.0409
"1506","17",89088788,1906,0.01414
"1507","18",3441176,1932,0.02415
"1508","18",15078324,1933,0.02012
"1509","18",17549051,1934,0.02998
"1510","18",21608645,1935,0.04781
"1511","18",26097722,1936,0.03844
"1512","18",29499520,1937,0.02647
"1513","18",31589061,1938,0.0263
"1514","18",34823530,1939,0.02678
"1515","18",36006747,1940,0.04177
"1516","18",38166747,1941,0.05752
"1517","18",39180923,1942,0.05373
"1518","18",41096231,1943,0.0347
"1519","18",46394751,1944,0.0296
"1520","18",54839395,1945,0.03827
"1521","18",56351996,1946,0.04312
"1522","18",57337174,1947,0.03705
"1523","18",58640363,1948,0.02932
"1524","18",60020581,1949,0.02944
"1525","18",60672183,1950,0.03863
"1526","18",60943901,1951,0.05045
"1527","18",61325806,1952,0.03758
"1528","18",63494209,1953,0.02966
"1529","18",65302545,1954,0.04682
"1530","18",65835759,1955,0.05137
"1531","18",67428480,1956,0.03288
"1532","18",67893815,1957,0.02665
"1533","18",69380641,1958,0.07766
"1534","18",70183935,1959,0.07927
"1535","18",70947221,1960,0.04215
"1536","18",74020320,1961,0.04812
"1537","18",75530639,1962,0.05622
"1538","18",75988928,1963,0.05285
"1539","18",76356432,1964,0.0371
"1540","18",77452676,1965,0.03751
"1541","18",78132790,1966,0.03825
"1542","18",78643378,1967,0.03023
"1543","18",78914641,1968,0.03011
"1544","18",79654794,1969,0.02879
"1545","18",80272879,1970,0.05212
"1546","18",81595964,1971,0.06949
"1547","18",82846780,1972,0.0484
"1548","18",83430903,1973,0.03423
"1549","18",84167547,1974,0.04807
"1550","18",84866564,1975,0.03874
"1551","19",3160277,2001,0.04677
"1552","19",3812081,2002,0.03334
"1553","19",4627984,2003,0.04438
"1554","19",5014203,2004,0.05166
"1555","19",5718681,2005,0.05162
"1556","19",6228929,2006,0.05146
"1557","19",6538763,2007,0.05651
"1558","19",7079758,2008,0.04449
"1559","19",8446789,2009,0.04591
"1560","19",10251625,2010,0.06392
"1561","19",14681539,2011,0.0692
"1562","19",18016203,2012,0.05101
"1563","19",19840451,2013,0.0793
"1564","19",22296749,2014,0.11921
"1565","19",23646210,2015,0.16826
"1566","19",24143787,2016,0.25733
"1567","19",24571863,2017,0.26317
"1568","19",25236799,2018,0.2881
"1569","19",26194393,2019,0.19557
"1570","19",27568756,2020,0.04436
"1571","19",29510021,2021,0.03439
"1572","19",34338159,2022,0.04326
"1573","19",35886553,2023,0.04551
"1574","19",37691825,2024,0.03553
"1575","19",40959064,2025,0.03132
"1576","19",44584170,2026,0.03063
"1577","19",45156051,2027,0.03552
"1578","19",47641069,2028,0.05472
"1579","19",53005055,2029,0.13407
"1580","19",55505848,2030,0.12928
"1581","19",55710100,2031,0.04857
"1582","19",55931101,2032,0.06825
"1583","19",56381358,2033,0.09804
"1584","19",57421467,2034,0.15071
"1585","19",58062149,2035,0.11737
"1586","19",58761434,2036,0.02039
