"","sacwt","batch16","tibia","edl","soleus","testis","abnormal.bmd"
"4368",NA,NA,NA,NA,NA,NA,NA
"26305",46.6,0,19.05,16.9,NA,0.1396,0
"26306",35.7,0,18.06,13.2,8.5,0.1692,0
"26307",34.1,0,18.14,11.2,6.8,0.1878,0
"26308",41.8,0,18.18,12.9,8.7,0.2002,0
"26309",39.5,0,18.35,14.1,9.2,0.1875,0
"26310",36,0,18.24,13.9,9.2,0.1826,0
"26312",32.4,0,18.2,11.4,6.8,0.2013,0
"26313",34.3,0,17.94,12.7,7.8,0.2232,1
"26315",46.4,0,19.19,13.9,10.7,0.2102,0
"26316",38.8,0,17.77,10.5,7,0.1962,0
"26317",35.5,0,18.31,12.7,8.4,0.15,0
"26318",38.8,0,18.19,14.4,8.3,0.1879,1
"26319",36.2,0,19.04,12,9.5,NA,0
"26320",34.8,0,17.77,14,8.4,0.2132,0
"26321",35,0,18.52,12.6,8.5,0.1862,0
"26322",45.7,0,18.31,NA,9.1,0.2065,0
"26323",37.3,0,18.61,14.9,9.7,0.165,1
"26324",42.9,0,18.37,12.5,8,0.1662,0
"26325",36.6,0,18.71,15.2,8.5,0.1601,NA
"26326",39.8,0,17.79,12.3,10.8,0.1914,NA
"26327",37.7,0,18.65,13.2,8.6,0.1489,0
"26328",35.5,0,17.83,11.8,8.9,0.1757,0
"26329",36.8,0,18.31,12.9,9,0.1898,0
"26330",37,0,18.28,12,8.8,0.1901,0
"26331",46.9,0,18.84,16.1,11.5,0.1864,0
"26332",38.8,0,18.47,12.2,8.5,0.2018,0
"26333",36,0,18.19,10.9,8,0.1816,1
"26334",43.8,0,18.29,11.9,10.5,0.2103,0
"26335",34.8,0,17.74,11,8.1,0.1492,0
"26336",38.7,0,18.78,14.1,9.4,0.1918,0
"26338",40,0,19.02,14.8,11.1,0.1882,0
"26339",40.5,0,18.35,12.7,8.7,0.1821,0
"26340",39.3,0,18.93,13.8,10.7,0.145,0
"26341",41.7,0,17.77,14.1,8.9,0.156,0
"26342",35.5,0,18.87,11.9,10,0.205,0
"26343",37.3,0,18.57,13.9,9.1,0.1826,0
"26344",36.2,0,18.52,11.6,8.6,0.1883,0
"26345",39.4,0,NA,NA,NA,0.2117,0
"26346",41.3,0,19.08,14,8.7,0.14,0
"26347",45.8,0,18.49,15.2,9.7,0.2029,0
"26348",38.6,0,18.47,12.9,9.9,0.1809,0
"26349",38.7,0,18.79,13.2,7.8,0.238,0
"26350",39.6,0,18.68,12.1,8.8,0.211,0
"26354",31,0,NA,NA,NA,0.1547,0
"26501",37,0,18.42,11.1,10.2,0.1789,0
"26502",40,0,18.72,12.1,9.3,0.1934,0
"26503",38,0,18.58,12.5,10.2,0.1796,0
"26504",38.5,0,18.36,14.1,10.4,0.1682,0
"26505",36,0,18.19,11.6,9.5,0.1614,0
"26506",41.8,0,18.36,13.2,9.7,0.178,0
"26507",39.9,0,17.97,13.7,8.8,0.1587,0
"26508",35.4,0,18.06,11.2,9.1,0.1583,0
"26509",38.4,0,18.25,14,11.5,0.1976,1
"26510",40.9,0,18.16,13.8,9.1,0.2073,1
"26511",37.4,0,18.49,11.7,9.5,0.1759,0
"26512",35.8,0,17.59,11.7,8,0.1737,0
"26513",37.5,0,18.05,10.3,7.6,0.1965,0
"26514",43.3,0,18.71,14,10.4,0.1604,0
"26515",42.3,0,18.34,12.6,10.1,0.1952,0
"26516",43.2,0,18.25,13.1,9.7,0.1935,0
"26517",39.2,0,18.64,12.1,8.7,0.2027,0
"26518",34.4,0,18.34,12,7.3,0.1685,0
"26519",43,0,17.7,13.5,8.9,0.1901,1
"26521",40.1,0,18.1,11.5,9.3,0.195,0
"26522",39.9,0,18.3,10.4,9.6,0.1951,0
"26523",39.6,0,18.18,12.6,10.8,0.1835,0
"26524",41.6,0,18.14,11.7,10.5,0.1816,1
"26525",42,0,18,14.7,9.1,0.1606,0
"26526",39.7,0,19.33,14.2,9.9,0.182,0
"26527",32.7,0,18.16,12.5,7.8,0.2162,0
"26528",50.9,0,19.01,15.5,9.5,0.2184,0
"26529",39.2,0,18.61,11.3,9.9,0.1644,0
"26531",47.2,0,18.67,11.7,9.2,0.2086,1
"26532",37.2,0,18.74,10.3,9,0.1916,0
"26533",36.8,0,18.32,12.7,9.4,0.1988,0
"26534",35.7,0,17.84,10.9,8.4,0.184,NA
"26535",31.5,0,18.11,10.8,7.5,0.1563,0
"26536",42.9,0,18.61,13.3,11.1,0.1837,0
"26537",37.5,0,18.86,14.7,10.5,0.1831,1
"26538",36.8,0,18.17,12.4,10.4,0.142,1
"26539",32.6,0,18.06,10.9,8.5,0.2036,0
"26540",34.5,0,18.09,10.8,8.3,0.1276,0
"26541",40,0,18.69,11.3,10.1,0.2354,0
"26543",NA,0,19,15.8,8.6,0.2074,0
"26544",47.1,0,18.48,12.8,10.9,0.2086,0
"26545",36.8,0,17.53,12.5,8.7,0.165,0
"26546",36.5,0,17.88,12.2,8.4,0.1436,1
"26547",45.6,0,18.6,15.8,12.4,0.2109,0
"26548",34.5,0,18.2,11.7,9.1,0.1943,0
"26646",39.1,0,18.38,12.6,9.4,0.1902,0
"26647",42.4,0,18.48,12.2,10,0.1622,0
"26648",43.7,0,18.84,15,10.1,0.1659,0
"26649",38.2,0,18.44,13.1,9,0.203,0
"26651",35.9,0,18.5,12.1,9.3,0.1932,0
"26652",33.4,0,18.71,13.1,10,0.1789,0
"26653",55.7,0,18.76,14.3,10.8,0.1759,0
"26655",33.3,0,17.88,11.6,10.1,0.1763,0
"26657",34.8,0,18.69,12.9,9.7,0.1518,0
"26659",42.7,0,18.35,12.6,9.2,0.1825,0
"26660",42.2,0,18.73,15.3,10.2,0.1742,0
"26661",35.6,0,18.1,13.1,7.9,0.2091,0
"26662",32.4,0,17.97,11.4,8,0.1706,0
"26664",39.5,0,18.37,12.9,9.3,0.1674,0
"26665",48.2,0,18.63,16.2,11.5,0.2403,1
"26667",43.7,0,18.84,14,9.9,0.169,0
"26668",40.4,0,17.83,14.7,9.8,0.1602,0
"26671",34,0,17.42,12.1,8.7,0.1763,0
"26672",41.7,0,19,13,9.1,0.1794,1
"26673",38.1,0,19.01,15,10.2,0.1725,0
"26701",33.5,0,18.37,10.4,8.5,0.2013,0
"26702",44.6,0,18.53,11.5,11,0.1721,0
"26703",45.9,0,18.33,11.7,7.5,0.1886,0
"26704",34.8,0,17.94,13.2,7.7,0.1939,0
"26705",40.6,0,18.65,12.4,9.8,0.1868,0
"26706",47.9,0,18.22,13,10.9,0.1942,1
"26707",36.8,0,18.67,12.7,8,0.2024,0
"26708",36.8,0,18.58,13.7,9.1,0.1969,0
"26710",34.3,0,17.76,11.2,7.8,0.203,0
"26711",43.6,0,18.51,14.1,9.5,0.2044,0
"26712",43.6,0,18.69,14.9,8.5,0.236,0
"26713",38.4,0,18.65,12.9,7.4,0.1984,0
"26715",30.9,0,18.44,14.2,7.5,0.1653,0
"26716",32.1,0,18.42,14.8,10,0.2004,0
"26717",30.2,0,17.93,9.9,7.4,0.1272,NA
"26718",43.1,0,18.69,12.3,11.2,0.2161,0
"26720",35.9,0,18.17,11.7,8.2,0.1531,0
"42402",36.8,0,18.47,12.7,10.3,0.19,0
"42403",NA,0,17.56,10.9,8.9,0.1589,1
"42404",31.7,0,18.34,12.1,9.6,0.181,1
"42405",36.8,0,18.24,13.9,8.8,0.1905,0
"42406",NA,0,18.03,13.6,9,0.2047,0
"42407",37,0,18.69,12.4,10.2,0.1736,0
"42408",36.9,0,18.38,14.5,9.6,0.1758,0
"42409",37.9,0,18.5,16.2,9.1,0.1751,0
"42410",36.4,0,18.15,10,7.2,0.1512,0
"42412",35.9,0,18.6,10.8,9.4,0.1586,0
"42413",32.6,0,18.86,11.9,10.1,0.1647,0
"42414",37.4,0,17.72,13.7,9.7,0.1725,1
"42415",34.9,0,19.54,11.5,8.6,0.194,0
"42416",NA,0,18,14,7.6,0.1962,1
"42421",35.8,0,18.78,11.1,8.3,0.2021,0
"42422",NA,0,18.54,11.2,8.1,0.1666,0
"42423",34.2,0,18.44,12,7.2,0.1726,0
"42424",31.5,0,18.54,11.4,9.1,0.1793,0
"42425",34.9,0,17.85,12,8.5,0.1989,0
"42426",39.8,0,18.79,13.6,9.3,0.1963,0
"42427",NA,0,18.73,13.5,9.5,0.1949,1
"42428",37.6,0,18.56,11.9,8.3,0.2101,1
"42429",40.6,0,18.62,11.1,8.8,0.1991,0
"42430",34.1,0,18.6,11,9.2,0.1751,0
"42432",NA,0,18.21,12.1,8.5,0.2102,0
"42433",NA,0,17.9,12.6,9,0.1828,0
"42434",44,0,18.64,12.8,10.1,0.225,0
"42435",38.2,0,17.21,10.5,8.5,0.1642,1
"42436",34.5,0,18.24,11.9,6.5,0.1842,0
"42438",NA,0,18.5,10.9,10.6,0.1895,0
"42439",31.2,0,18.54,11,10,0.2035,0
"42440",37.8,0,18.89,14.4,7.5,0.1777,1
"42442",35.6,0,19.09,12.4,10.2,0.1846,0
"42443",NA,0,18.97,13.4,9.6,0.19,0
"42444",38.9,0,18.39,11.7,8.7,0.1893,0
"42445",36.6,0,18.49,12.3,8.9,0.1871,0
"42446",30.9,0,17.88,12.1,7.7,0.1764,NA
"42447",36,0,18.37,13.2,8.6,0.1801,0
"42601",NA,0,18.77,13.5,12.1,0.2019,0
"42602",48,0,18.3,11.5,10,0.2025,NA
"42604",48.4,0,18.24,13.4,9.5,0.1964,1
"42605",33.4,0,18.97,13,8.7,0.1866,1
"42606",NA,0,18.23,13.3,10.9,0.2062,1
"42609",47.6,0,19.08,14.5,10.1,0.1827,1
"42611",NA,0,18.04,12.5,7.7,0.1815,0
"42612",45.7,0,18,11.7,8.3,0.1891,0
"42613",42.7,0,18.28,12.8,10.2,0.2042,0
"42614",41,0,18.67,11.7,9.8,0.2062,0
"42615",42.7,0,18.22,12.1,10.3,0.1667,0
"42616",NA,0,18.12,13.3,10.1,0.1969,0
"42617",NA,0,18.56,11.9,8.4,0.1884,1
"42618",36.9,0,18.73,13.1,8.1,0.1694,0
"42619",33.3,0,17.81,12,6.8,0.1886,1
"42620",36.8,0,18.05,15,9.1,0.2246,0
"42621",45.6,0,18.86,13,7.7,0.2074,0
"42622",NA,0,18.23,10.7,9.4,0.2031,0
"42624",31,0,18.38,13,9.8,0.1936,0
"42625",33.2,0,18.17,13,9.9,0.1569,NA
"42626",43.5,0,18.7,14,10.5,0.2123,0
"42628",40.4,0,18,11.4,9.4,0.2085,0
"42629",45.2,0,18.9,12.5,10.3,0.1793,0
"42630",40.7,0,18.53,12.5,10.2,0.1907,1
"42632",NA,0,17.89,9.8,8.7,0.2136,0
"42633",NA,0,18.42,13.7,10.1,0.2182,NA
"42634",51.8,0,18.49,15.8,10.5,0.1819,0
"42636",52,0,18.81,15.8,10.7,0.2183,0
"42638",NA,0,18.4,11.7,9.3,0.2335,0
"42639",37.7,0,19.21,10.3,9.5,0.1994,0
"42640",46.3,0,18.84,15,12,0.2144,1
"42642",35.2,0,17.74,13.1,8.9,0.18,0
"42644",49.5,0,17.73,NA,10.9,0.1691,0
"42812",NA,0,18.51,11.1,9.4,0.1381,0
"42813",33.1,0,18.51,10.3,8.1,0.1872,0
"42814",42.3,0,18.96,14.7,9.9,0.2076,0
"42816",NA,0,18.01,13.7,NA,0.1994,NA
"42817",34.3,0,17.9,13.2,8.5,0.1785,NA
"42818",34.5,0,17.95,11.7,9.9,0.1678,NA
"42820",33.8,0,18.42,12.8,9,0.1777,NA
"42821",NA,0,18.47,9.9,7.7,0.1859,0
"42822",38.6,0,18.22,10.8,8.2,0.2018,0
"42823",33.5,0,17.46,11.3,8.6,0.1825,0
"42824",36.1,0,18,11.4,8.6,0.2105,0
"42825",31.6,0,17.91,11.3,7.8,0.1909,0
"42827",NA,0,18.42,11.8,7,0.1859,1
"42828",38.6,0,18.2,11.3,8.5,0.1741,0
"42829",31.5,0,18.03,12.6,10,0.1461,1
"42830",35.3,0,17.88,11.7,10.1,0.1721,0
"42831",42.1,0,18.34,15.2,10.8,0.1684,0
"42832",NA,0,18.34,11.1,10.9,0.1716,0
"42834",31.3,0,17.87,10.8,7.1,NA,0
"42836",43.2,0,17.92,15,10.9,NA,1
"42837",NA,0,19.01,10.7,10.2,0.2238,0
"42838",34.7,0,18.36,11.8,9,0.1387,0
"42839",41.1,0,18.81,10.9,9.8,0.2164,0
"42840",34.4,0,18.19,11.8,9.5,0.1888,0
"42841",29.5,0,18.37,10.6,7.8,0.1915,0
"42842",NA,0,18.21,10.2,9.3,0.1989,0
"42843",NA,0,19.46,12.7,9.2,0.2182,0
"42844",47.7,0,19.24,16.7,11.7,0.1816,0
"42845",34.9,0,18.52,12.4,8.6,0.1933,0
"42846",48.5,0,19.34,13.7,11,0.2042,1
"42847",47.7,0,19.14,14.6,11,0.1943,0
"42848",NA,0,17.88,12.7,9.4,0.0787,0
"42849",52.6,0,18.56,13.6,10.9,0.2118,0
"42850",36.2,0,17.82,11.9,8.5,0.1598,1
"42852",36.5,0,17.34,10,7.2,0.1236,NA
"42853",NA,0,18.01,11,7.7,0.1573,1
"42854",30.2,0,17.84,9.3,7.8,0.1608,0
"42855",43.5,0,18.22,12,10.2,0.2259,0
"42856",38.1,0,17.95,12.2,7.9,0.2157,0
"42857",33.3,0,17.44,10.6,6.9,0.2105,0
"42858",NA,0,18,11.3,9.1,0.1721,0
"42865",53.2,0,18.11,14.6,10.6,0.1718,0
"42866",40.3,0,18.3,13.6,8.9,0.1969,0
"42867",35.2,0,18.37,11,9.8,0.2104,0
"42869",35,0,17.91,11.3,9,0.1776,1
"42870",NA,0,18.07,13,9.8,0.2068,0
"42871",NA,0,18.23,11.7,8.5,0.1672,NA
"42916",41.2,0,18.05,12.7,8.7,0.1959,1
"42917",34.5,0,18.29,11.6,8,0.2118,0
"42919",36.9,0,18.09,9.9,6.9,0.1778,1
"42920",30.8,0,17.51,11,8.7,0.1919,1
"42921",36.8,0,17.96,13,10.9,0.2027,0
"42922",40,0,18.61,13.5,8.9,0.1991,NA
"42923",34.6,0,17.64,11.5,8.1,0.1991,0
"42924",36.7,0,18.99,15.9,8.3,0.201,1
"42925",33.9,0,17.49,13,9.2,0.143,1
"42926",37,0,18.31,12.8,9.5,0.1894,1
"42927",36.3,0,18.02,9.5,7.8,0.199,1
"42928",37,0,17.45,12.3,8.1,0.1721,1
"42929",37.7,0,17.9,11.6,9.5,0.1524,1
"42930",30.4,0,18.08,10.3,9,0.1701,1
"42931",42.2,0,18.86,14.9,9.9,0.204,1
"42932",38.7,0,18.29,11.3,8.9,0.1869,0
"42933",35.8,0,18.15,11.9,10.6,0.1662,1
"42934",32.6,0,17.64,11.7,7.6,0.1616,1
"42935",38.7,0,18.32,13.7,10.8,0.1542,0
"42936",40.8,0,18.12,11.9,11.3,0.196,1
"42938",43.7,0,18.83,12.8,8,0.2023,1
"42939",48,0,18.6,11.4,9.2,0.1763,0
"42940",35.4,0,18.25,12,9.3,0.206,0
"42941",43,0,18.4,12,8.8,0.2024,0
"42945",39.7,0,18.06,12.6,9.6,0.1768,0
"42947",39.3,0,18.21,12.9,6.7,0.1833,0
"42948",37.8,0,17.99,13.4,7.6,0.1945,0
"42949",37.8,0,18.58,11.8,10.2,0.2028,0
"42950",42.2,0,18.89,11.6,9.8,0.193,0
"42951",39.7,0,18.97,13.3,11.3,0.2263,NA
"42952",38.8,0,18.26,10.8,9,0.181,0
"42955",38.4,0,18.83,12.5,8.7,0.2196,0
"42958",37.1,0,19.31,12.3,8.1,0.1903,0
"42959",38.7,0,19.09,12.8,9.4,0.2189,0
"42960",43.3,0,18.14,14.4,10.8,0.1796,1
"42961",40.2,0,18.45,13.6,9,0.1673,0
"42963",34.8,0,18.2,11.1,8.9,0.203,1
"43143",45.2,0,17.89,13.6,9.5,0.1745,0
"43144",41,0,18.43,11.1,9.7,0.1799,0
"43145",39,0,18.02,11.3,8,0.1673,0
"43148",50.6,0,19.04,14.6,12.4,0.1977,0
"43149",36,0,18.13,11.4,10,0.1603,0
"43152",48.9,0,18.9,12.5,11.6,0.2352,0
"43153",42.5,0,18.81,13.7,9,0.2064,0
"43154",37.9,0,17.54,12.8,9.2,0.2168,1
"43155",52.2,0,18.72,14.4,12.4,0.2228,0
"43156",44,0,18.24,14.9,9.8,0.169,0
"43157",32.9,0,18.35,11.8,8,0.1835,0
"43158",37.5,0,18.31,12.8,8,0.2419,0
"43159",44.2,0,18.57,13.7,8.3,0.1666,0
"43163",33.1,0,17.31,10.1,8.8,0.1551,0
"43164",36.3,0,18.5,11.6,8.8,0.2104,0
"43165",40,0,18.14,13.5,8.6,0.1726,0
"43168",43.3,0,19.01,13,7.9,0.2188,0
"43169",28.3,0,18.57,NA,8.4,0.1898,1
"43170",44.2,0,18.57,13.3,11.2,0.1712,0
"43171",41,0,18.68,12.1,11,0.1988,0
"43174",35.7,0,18.31,12.5,9.9,0.1905,0
"43175",37,0,18.58,11.1,8.4,0.1663,0
"43176",45,0,18.57,12.6,13.2,0.1786,0
"43177",49.1,0,18.59,NA,10.6,0.2216,1
"43178",43.8,0,18.51,14.5,9.1,0.1709,0
"43179",33.3,0,18.66,13.3,10.8,0.1836,0
"43182",47.6,0,19.06,15.3,10.3,0.2141,0
"43183",38,0,18.48,11.2,9.2,0.2485,0
"43184",43.3,0,19.36,13.5,10.1,0.2216,0
"43185",34.6,0,18.73,12.3,11.4,0.2062,0
"43186",38.8,0,19.4,11.5,8.4,0.2078,0
"43190",36.9,0,18.3,10.9,9.5,0.1755,0
"43191",43.7,0,18.06,11.3,11.2,0.1745,1
"43325",40.1,0,18.76,13.1,10.1,0.1983,0
"43326",36.5,0,18.77,12.7,12.1,0.1614,1
"43327",42.3,0,17.95,11.9,8.9,0.176,0
"43329",36.2,0,18.73,13.6,9.9,0.1815,1
"43330",30.2,0,18.32,13.9,9.8,0.1893,0
"43331",36.9,0,19.13,13.1,9.4,0.2014,0
"43332",38.2,0,18.54,13.3,9.9,0.2086,1
"43333",39.3,0,18.62,12.2,8.5,NA,0
"43334",37.4,0,19.19,13.5,8.6,0.198,0
"43335",35,0,18.95,12,8.2,0.2079,0
"43336",40.1,0,18.79,NA,9.5,0.2109,0
"43337",37.6,0,19.39,14.8,10.2,0.2248,1
"43338",34.3,0,18.56,12.2,9.6,0.2038,0
"43339",40.1,0,18.81,12.2,11.2,0.1784,0
"43340",34.5,0,18.87,12.6,10.4,0.151,0
"43341",40.8,0,18.91,11.1,10.2,0.1931,1
"43342",30.9,0,18.14,10.5,9.1,0.2182,1
"43343",44,0,19.18,16.7,13.6,0.2352,1
"43344",36.7,0,19.19,14.2,10.5,0.1306,0
"43345",36.4,0,18.44,11,8.1,0.155,1
"43346",38.5,0,18.95,13.7,9.9,0.168,0
"43347",39.9,0,19.25,17.2,11.4,0.2322,0
"43348",40,0,18.7,13.3,13.7,0.2171,0
"43349",35.4,0,18.34,11.2,6.9,0.1653,0
"43350",31.1,0,18.91,11.2,9.6,0.1729,0
"43351",33.5,0,18.12,12.5,NA,0.167,1
"43352",35.4,0,17.92,10.4,8.8,0.1901,1
"43353",35.9,0,18.63,11.6,8.3,0.179,0
"43354",37.9,0,18.4,13.9,9.2,0.2099,NA
"43355",34.4,0,18.83,12.8,12.3,0.1989,0
"43356",37.6,0,19.46,14,8.9,0.1961,0
"43357",33.5,0,18.5,11.1,11.1,0.1753,0
"43358",44.2,0,18.93,13.8,8.9,0.211,0
"43359",42,0,18.97,16,10.4,0.1936,0
"43360",43.4,0,19.56,11.9,11.5,0.186,0
"43361",32.2,0,18.59,11.4,7.7,0.1876,0
"43362",40.3,0,19.74,15,8.9,0.1981,0
"43363",34.5,0,18.59,11.5,11.8,0.2112,0
"43364",38.8,0,19.29,14,8.1,0.2171,0
"43365",41.4,0,18.54,12.1,11.1,0.2118,1
"43366",35.3,0,18.23,10.8,8.9,0.1961,0
"43367",39.6,0,18.82,12.3,9.5,0.1944,0
"43368",41.8,0,19.13,12.5,10.1,0.2138,0
"43369",42.2,0,18.82,12.6,11.4,0.1814,0
"43370",37.7,0,19.47,14.6,12.2,0.1928,1
"43371",42.3,0,18.54,12,12.9,0.2058,0
"43372",41,0,18.78,12.3,10.3,0.1664,1
"43416",37.7,0,17.86,11.9,9.6,0.2014,0
"43417",37.2,0,18.76,11.4,11.2,0.1768,1
"43418",36.2,0,18.49,11.9,8.9,0.1655,0
"43419",51.9,0,19.82,13.9,12.1,0.2208,0
"43420",44.5,0,18.65,10.5,8.7,0.2093,0
"43421",37.3,0,18.02,12.5,8.7,0.1892,0
"43422",35.6,0,18.23,12.2,9.6,0.1625,0
"43424",47.8,0,19.13,16.2,11,0.2214,0
"43425",39.9,0,18.56,14.2,10.8,0.1913,0
"43426",30.6,0,16.92,9.3,6.5,0.195,0
"43427",37.9,0,18.34,11.5,10.5,0.1635,0
"43428",40.5,0,17.75,13.4,11.6,0.2174,0
"43429",33.8,0,18.31,12.3,8.5,0.1895,0
"43431",34.1,0,18.25,11.2,7.7,0.2026,0
"43433",40.6,0,NA,11.8,6.7,0.1802,0
"43436",38.8,0,18.2,11.3,9.8,0.202,0
"43437",46.5,0,19.4,16.2,11.2,0.2038,0
"43438",31.7,0,17.97,11.8,7.5,0.2456,0
"43439",38.6,0,18.25,13,10.6,0.1617,1
"43440",44,0,18.04,13.1,9.2,0.2004,0
"43441",43.7,0,18.62,13.8,10.5,0.1735,0
"43442",42.8,0,18.84,11.5,12.3,0.1859,0
"43443",36.6,0,18.59,10.8,11.2,0.2039,0
"43445",34.1,0,18.5,11.9,7.3,0.203,0
"43446",33.8,0,18.48,12.9,10.3,0.1653,1
"43448",40.5,0,18.09,13.9,11.8,0.2082,0
"43449",36.5,0,18.36,12.1,8.6,0.1739,0
"43450",36.5,0,18.56,12.3,9.7,0.1672,0
"43451",NA,0,18.15,11.6,10.3,0.1872,0
"43452",37.3,0,18.32,11.6,8.6,0.1851,0
"43453",35.2,0,18.56,13.9,9.5,0.1887,0
"43454",37.3,0,18.44,11.9,6.5,0.1846,0
"43455",39.5,0,18.75,12.4,9.3,0.157,0
"43456",38.6,0,18.67,13.8,13.7,0.1731,NA
"43459",35.4,0,18.44,11.8,9.6,0.2136,NA
"43460",40.1,0,18.59,12.3,9.3,0.1994,1
"43461",35.2,0,18.53,11.4,10.1,0.1983,0
"43462",39.3,0,17.89,13.8,8.9,0.2013,1
"43725",34.7,0,18.67,13,7.7,0.1948,NA
"43726",36.8,0,18.42,13.7,8.2,0.1929,NA
"43730",30.9,0,17.74,12.7,9.4,0.1934,0
"43731",38.7,0,18.27,10.7,8.2,0.1879,NA
"43732",35.9,0,17.57,12.5,8.5,0.2008,NA
"43733",37.5,0,18.29,11.7,10.2,0.2186,1
"43734",35.3,0,18.29,12.9,10.8,0.2307,0
"43735",41.3,0,17.75,12,10.4,0.2,0
"43736",37.5,0,17.37,14.1,10.6,0.1755,NA
"43737",41.7,0,18.52,11.8,8.6,0.1839,0
"43738",39.8,0,17.81,11.2,10.2,0.185,NA
"43740",37,0,18.25,12.2,9.8,0.1892,0
"43741",35.4,0,18.36,11,9.3,0.2026,0
"43743",40.9,0,17.86,15.3,9.4,0.197,1
"43744",40.6,0,18.77,12.8,7.3,0.1711,1
"43746",36.4,0,17.87,13.3,10.3,0.2052,NA
"43748",35.4,0,18.32,13,9.5,0.1449,NA
"43749",44,0,17.91,12.5,8,0.2037,0
"43751",42.5,0,17.5,11.6,9.6,0.2009,1
"43753",45,0,18.72,13,10.1,0.2024,0
"43754",45.1,0,18.32,13.6,10.9,0.2098,0
"43755",35.4,0,18.08,11,6.5,0.2137,0
"43756",53.9,0,18.06,14,9.5,0.2165,0
"43758",37.7,0,18.02,14.4,9.8,0.1978,0
"43760",41.5,0,18.46,14.4,10,0.1913,0
"43761",41.1,0,18.22,11.9,10.7,0.183,0
"43762",39.6,0,18.49,13.5,9.5,0.1962,0
"43763",45.1,0,18.99,13.8,11.2,0.2056,0
"43764",54,0,18.43,11.8,9,0.176,0
"43765",39.2,0,18.6,12.2,9.3,0.2286,0
"43766",38.7,0,18.74,13.1,9.9,0.2073,0
"43768",37,0,18.18,12.3,10.3,0.1776,0
"43769",44.2,0,18.06,11.5,9.9,0.2108,1
"43770",38.5,0,18.62,13.3,12.1,0.1786,1
"43771",39.5,0,18.86,14.4,9.9,0.2259,0
"43772",34.4,0,17.97,12.8,9.1,0.1814,0
"43902",38.1,0,17.92,13,9.3,0.2126,NA
"43903",49.7,0,18.67,15.3,NA,0.1738,NA
"43904",36.5,0,18.12,12.6,9.7,0.1899,NA
"43906",34.9,0,18.75,10.5,7.7,0.1884,NA
"43907",33.8,0,18.41,11,9.1,0.1789,0
"43908",37.3,0,18.57,11.8,8.6,0.2085,0
"43910",39.7,0,18.67,13.9,10.9,0.2038,NA
"43911",36.6,0,18.17,10.7,8.9,0.1805,NA
"43912",39.4,0,18.76,11.4,8.9,0.1832,0
"43913",37.9,0,18.14,10.8,9.2,0.2259,NA
"43914",32.9,0,18.35,11.1,9.6,0.2198,NA
"43915",39,0,19.26,12.2,12.9,0.22,0
"43916",33.8,0,18.52,12,10.2,0.1926,NA
"43917",38.7,0,17.79,11.8,6.9,0.2061,NA
"43918",43.8,0,18.87,13.3,7.4,0.216,0
"43920",36.6,0,18.19,11.9,8,0.1695,NA
"43921",35.1,0,18.35,13.3,9.5,NA,NA
"43922",31.5,0,18.84,9.9,9,0.1951,0
"43923",34.2,0,18.87,11.7,8.1,0.2081,NA
"43925",31.9,0,18.36,10.3,8.3,0.1703,NA
"43926",37.6,0,18.85,15.8,10.9,0.2328,0
"43927",41.6,0,18.74,NA,8.9,0.1752,NA
"43928",36.4,0,18.44,13.2,10.6,0.1714,0
"43929",37.9,0,18.91,12.9,11.5,0.2064,0
"43930",34.6,0,18.2,12.2,8.1,0.2234,0
"43932",38.1,0,18.91,11.7,13.7,0.1317,0
"43933",31.5,0,18.1,10.4,8.2,0.1738,0
"43934",35.8,0,18.41,11.8,7.3,0.1899,0
"43936",33.7,0,18.26,10.4,7.6,0.1993,0
"43937",37.6,0,18.66,12.6,9.2,0.1756,0
"43938",44.2,0,18.96,13.9,9.1,0.124,0
"43939",37.1,0,18.68,11.9,8,0.1659,0
"43940",31.5,0,18.33,11.8,10.9,0.182,1
"43941",36.6,0,18.53,11.2,8.2,0.1755,0
"43942",35.2,0,18.35,11.1,8.7,0.1577,0
"43943",34.4,0,17.82,12.1,11.6,0.2216,0
"43944",42.5,0,19.34,12.5,10.7,0.2158,0
"43945",38.1,0,18.88,14.3,12.4,0.2295,1
"43946",37.8,0,18.94,12.1,8.8,0.1752,NA
"43947",40.3,0,18.81,13.9,10,0.2086,0
"43948",36.3,0,18.57,13.5,9.6,0.1663,NA
"44230",46.5,0,18.32,13.1,9.9,0.1862,0
"44231",34.8,0,17.66,10.8,8.2,0.1883,0
"44232",35.6,0,17.34,11.7,8.8,0.2088,0
"44233",39.2,0,18.56,13.2,9.6,0.1918,0
"44234",50.4,0,19.18,16.6,12.1,0.206,0
"44235",42.3,0,19.29,NA,9.4,0.2632,NA
"44236",50.3,0,18.12,12.7,9.4,0.1697,NA
"44237",44.9,0,18.62,11.6,8.8,0.1851,NA
"44238",40.7,0,19.03,12.5,7.9,0.1918,NA
"44239",49,0,18.5,15.2,13.1,0.1891,0
"44240",28.8,0,18.63,NA,7.7,0.1753,0
"44241",47.5,0,18.51,14.4,10.3,0.2156,1
"44242",38.5,0,18.65,11.5,9.8,0.212,0
"44243",46.3,0,18.61,15,9.9,0.1731,1
"44244",38.1,0,17.81,13.5,9,0.1693,1
"44245",40.2,0,18.48,14.4,11.9,0.1741,0
"44246",37.7,0,18.86,15.5,10.9,0.1917,NA
"44247",44.1,0,18.89,13.4,12.1,0.1949,0
"44248",36.8,0,18.59,14.8,11.4,0.1496,0
"44249",33.7,0,17.77,11,7.3,0.1946,0
"44250",38.5,0,17.73,13.7,10.5,0.2092,NA
"44251",47.5,0,18.36,NA,11.4,0.1849,NA
"44252",29.3,0,17.48,14.2,7.4,0.1805,0
"44253",43,0,18.51,13.7,5.8,0.1909,0
"44254",34.8,0,17.28,11.4,7.5,0.1599,1
"44255",44.4,0,18.79,13.4,11.6,0.1894,0
"44256",42.7,0,18.52,14.1,9.8,0.2232,0
"44257",43.3,0,18.28,12,10,0.1349,0
"44258",38.8,0,18.29,11.4,8.9,0.1567,0
"44259",52.3,0,18.07,15.3,7.9,0.1993,NA
"44260",42,0,18.04,12.1,8.9,0.1807,0
"44261",30.9,0,18.04,11.8,8.8,0.1483,0
"44262",42.4,0,18.66,12,10.8,0.2065,0
"44263",38.4,0,18.51,14.8,10.8,0.1999,0
"44265",35.9,0,18.25,12.7,10.6,0.178,0
"44266",40.4,0,18.34,15.6,NA,0.2066,NA
"44267",42.9,0,18.53,13.5,9.9,0.2234,0
"44268",42.6,0,18.95,13.4,13.3,0.2079,0
"44269",53.6,0,18.63,12.8,9.8,0.198,1
"44270",39.6,0,18.92,14.2,9.1,0.1862,0
"44271",39.6,0,18.55,12.7,11.9,0.2067,0
"44272",39.2,0,18.37,11.2,9.3,0.1991,NA
"44273",34.3,0,18.42,12.6,9.8,0.2025,0
"44274",40.9,0,18.13,13.8,8.7,0.2003,0
"44276",37.2,0,18.86,13.8,9.6,0.1885,0
"44277",38.7,0,17.83,13.1,9.3,0.1688,0
"44367",42.5,0,19.16,14.7,9.6,0.2158,NA
"44369",36.2,0,18.19,11.6,9.8,0.2156,NA
"44370",29.9,0,18.46,11,8.5,0.1643,NA
"44458",40.2,0,18.91,12.4,8.5,0.2184,0
"44459",39.1,0,18.69,12.8,9,0.2052,0
"44461",39.4,0,18.91,14.7,11.3,0.2042,0
"44463",32.4,0,18.53,12.7,7.6,0.18,0
"44464",30,0,18.31,12.3,8.2,0.1807,0
"44465",44.8,0,18.7,15.1,8.4,0.2126,0
"44466",34.7,0,18.8,12,8.7,0.172,0
"44467",28.8,0,17.01,11.1,6.8,0.1658,0
"44469",40.9,0,19.37,15,9.3,0.1737,0
"44470",37.6,0,18.83,14.8,7.9,0.2222,0
"44471",48.5,0,18.72,NA,9.1,0.2365,0
"44472",39.2,0,18.53,12.9,8.7,0.2121,0
"44473",30.7,0,17.91,12.2,7.7,0.1954,0
"44474",25.9,0,18.53,10.6,7.6,0.144,0
"44475",34.7,0,18.51,12.5,7.2,0.1949,0
"44477",32.9,0,18.24,12.3,9.2,0.1805,1
"44478",38.9,0,18.07,14.9,11.3,0.209,0
"44479",41.6,0,18.98,10.8,8.2,0.2125,0
"44480",47.1,0,18.66,15,11.3,0.2162,1
"44482",42.9,0,18.83,15.5,9.1,0.2181,0
"44483",36.4,0,18.12,14.2,8.9,0.2,1
"44484",41.6,0,18.28,8.9,9.1,0.205,0
"44485",45.2,0,18.97,12.9,8.7,0.1999,1
"44486",34.6,0,19.09,12.7,8.1,0.2064,0
"44487",35.9,0,18.34,11.9,9.4,0.1698,0
"44488",41,0,18.45,11.2,9.5,0.1818,0
"44490",39.2,0,17.73,12.4,9.3,0.1917,NA
"44491",35.8,0,17.98,11.1,9.7,0.1681,NA
"44492",44.2,0,18.36,12.8,10.1,0.1781,NA
"44493",44.9,0,19.01,12.7,10.1,0.2136,NA
"44494",39.2,0,18.43,12.2,8.8,0.1917,NA
"44495",37.2,0,17.61,11.3,10.9,0.1801,NA
"44496",35.2,0,18.83,12.4,8,0.1815,NA
"44497",39,0,18.08,14.1,9.2,0.1985,NA
"44498",41.4,0,18.65,14.6,9.1,0.1973,NA
"44499",34.8,0,NA,11.1,10.1,0.204,NA
"44500",41.5,0,18.85,13.5,9.7,0.2306,NA
"44573",35.4,0,18.15,13,9.5,0.1795,0
"44574",33.1,0,18.73,13.9,9,0.1861,NA
"44801",35.3,0,17.69,10.6,9.1,0.1568,NA
"44803",48.6,0,18.61,12.9,12.1,0.1975,NA
"44804",39.8,0,19.3,13.3,10.7,0.187,NA
"44806",35.4,0,18.87,14.4,8.6,0.1966,NA
"44807",35.3,0,18.15,15,10,0.1756,NA
"44808",32.4,0,18.12,10.8,9.7,0.1904,NA
"44809",39.3,0,18.36,13.9,11.6,0.176,1
"44810",42.7,0,18.7,12.9,12.2,0.2245,0
"44811",37.9,0,18.43,12.4,10.2,0.224,0
"44813",40.9,0,17.67,12.9,9.8,0.1967,0
"44814",34.8,0,18.22,13.5,8.3,0.1943,0
"44815",43.2,0,18.16,13.2,11,0.2224,0
"44816",38.9,0,18.29,14.5,9.5,0.24,0
"44818",35.4,0,16.74,10.1,9.3,0.1669,0
"44819",45.5,0,17.55,13.4,10.2,0.1831,0
"44820",38.8,0,18.19,11.7,7.8,0.181,0
"44821",39.9,0,18.24,12.1,10.7,0.2171,0
"44822",34.7,0,17.6,12.2,6.9,0.199,0
"44823",31.8,0,17.51,11.3,9.8,0.1815,0
"44824",41.5,0,17.98,13.4,10.7,0.2152,1
"44825",25,0,17.1,10.9,6.7,0.1475,1
"44826",41.3,0,18.75,12.4,9.8,0.1995,0
"44827",35.7,0,18.82,11.8,8.4,0.1906,0
"44828",29.2,0,18.8,10.6,9.3,0.148,0
"44829",39.5,0,18.07,15.3,9.4,0.204,1
"44830",42.1,0,18.01,13.4,8.4,0.1783,0
"44831",46.4,0,18.59,11.8,NA,0.1918,0
"44832",36.1,0,17.98,11.8,7.9,0.2133,0
"44833",36,0,17.89,11.9,11.5,0.1438,1
"44834",43,0,18.51,12.6,10.8,0.2112,NA
"44835",45.3,0,18.45,15.1,NA,0.1962,0
"44837",35.2,0,18.11,11.5,8.9,0.1808,0
"44838",49.6,0,18.26,15.1,11.1,0.2128,0
"44839",38.9,0,19.31,13.5,9.9,0.1918,NA
"44840",38.6,0,18.05,11.4,9,0.2039,NA
"44841",38.6,0,17.66,12.2,7.1,0.1702,NA
"44842",35.6,0,18.12,11.4,8.8,0.1543,NA
"44843",42.1,0,17.94,11.2,8.2,0.1697,NA
"44844",45.3,0,18.44,12.7,11.2,0.1965,NA
"44846",35.8,0,18.23,10.8,11.3,0.1409,NA
"44847",34.6,0,18.35,11.4,8.4,0.1661,NA
"44848",42,0,18.5,11.8,11,0.2323,NA
"45001",36.3,0,18.37,13.4,8.8,NA,0
"45002",43.5,0,18.37,12.7,10.9,0.2232,0
"45003",35.6,0,17.99,12.4,8.9,0.2127,NA
"45004",38.5,0,18.64,14.5,11.1,0.1787,NA
"45005",50.2,0,18.3,11.5,10.7,0.1983,0
"45007",36.7,0,17.88,11.3,8.5,0.1465,0
"45008",38.7,0,18.13,12.9,10,0.195,0
"45009",33.7,0,17.99,12.7,10.6,0.1802,0
"45010",38,0,17.99,11.3,9.5,0.1738,NA
"45011",42.5,0,18.6,13.2,11.1,0.1981,NA
"45012",33.2,0,18.53,9.6,8.2,0.1679,0
"45013",41.9,0,18.62,12.1,11.9,0.2085,0
"45014",36.9,0,18.68,13.8,12.5,0.2065,0
"45015",35.6,0,18.28,9.9,6.9,0.2194,0
"45016",36.7,0,18.64,11.1,10.8,0.204,0
"45021",38.6,0,18.1,13.6,10.2,0.2063,0
"45022",36,0,18.44,12.1,8.4,0.1887,0
"45023",38.9,0,18.89,14.3,8.8,0.1548,0
"45024",37.1,0,18.39,10.6,7.1,0.1732,0
"45025",31.8,0,17.96,12.9,6.6,0.1931,0
"45026",31.5,0,18.38,11.6,8.4,0.1975,0
"45027",42.5,0,18.42,14.4,11.5,0.1859,NA
"45028",33.6,0,17.83,11.8,9.5,0.2085,1
"45029",33.3,0,18.22,12.1,9,0.163,0
"45030",31,0,18.28,11.6,8.9,0.144,0
"45031",44.6,0,17.94,13.2,8.3,0.235,1
"45032",37.1,0,18.49,11.9,9.3,0.1843,0
"45033",33.8,0,18.03,12.5,10.1,0.226,0
"45034",42.1,0,18.85,11.4,7.6,0.164,0
"45036",33,0,17.92,11.8,9.6,0.1668,1
"45037",35.7,0,18.89,12.2,7.8,0.2055,0
"45038",41.4,0,18.78,12.7,10.7,0.1881,0
"45039",38.6,0,18.45,14.7,9.5,0.2304,0
"45040",37,0,18.36,11.2,9.9,0.205,0
"45041",52.4,0,18.01,11.7,8.6,0.1911,1
"45042",44.4,0,18.21,13.8,10.6,0.2329,1
"45043",42,0,18.7,14.3,10,0.192,0
"45044",38.6,0,18.46,11.5,6.9,0.1752,0
"45045",42.1,0,18.25,14.4,11.1,0.2,0
"45046",36.2,0,17.04,10.5,8.1,0.1956,1
"45048",37.3,0,18.1,13.9,8.7,0.1764,0
"45063",37,0,18.41,12,8.9,0.2069,0
"45064",35.2,0,17.98,10.9,7.7,NA,0
"45065",38.3,0,17.86,12.4,8.8,0.1644,0
"45066",35.8,0,18.79,11.1,10.3,0.1762,0
"45067",36.3,0,18.61,11.7,8.2,0.2148,0
"45068",40.2,0,18.62,13.7,7.5,0.2203,0
"45069",31.6,0,17.83,10.2,7.8,0.1946,NA
"45070",35.5,0,18.38,12.4,11.7,0.2191,1
"45071",31.6,0,18.01,10.1,7.5,0.1897,0
"45072",30.9,0,17.6,9.9,7,0.1968,0
"45073",37.9,0,18.14,11.9,8.8,0.1972,NA
"45074",37.1,0,18.33,11,8,0.2016,NA
"45201",39.5,0,18.73,12.9,10.5,NA,NA
"45202",39.9,0,18.13,11.7,8.9,0.2148,0
"45203",38.3,0,18,11.3,8.2,0.1706,0
"45204",40.6,0,18.62,14.1,9.9,0.1848,1
"45205",33.6,0,18.09,11.4,8.4,0.1768,NA
"45206",41.4,0,18.9,13.5,9.1,0.2369,0
"45207",37.5,0,18.85,11.7,8.8,0.2067,0
"45208",38.2,0,17.8,11.1,9.7,0.1762,1
"45209",42,0,18.47,13.9,9.7,0.1706,0
"45210",47,0,18.78,12.3,11.9,0.205,1
"45211",42.3,0,18.16,12.8,9.1,0.1534,1
"45212",39.1,0,18.42,12.8,8.6,0.1863,0
"45213",36.5,0,18.73,12,8,0.171,0
"45214",39.5,0,18.42,12.3,9.5,0.1832,0
"45215",39.4,0,18.72,13.6,8.9,0.2246,0
"45216",40.4,0,18.93,15,11.6,0.2166,0
"45217",45.3,0,18.5,12.2,9,0.2029,0
"45218",37.7,0,18.55,12.6,9.3,0.2179,0
"45219",45.3,0,18.87,15.9,10.3,0.2045,1
"45220",43.3,0,18.79,14.6,10.4,0.1797,1
"45221",33.1,0,18.26,13.2,6.5,0.2331,0
"45222",35.1,0,17.62,10.5,8.6,0.1941,1
"45223",39.2,0,18.25,12.4,7.1,0.1894,1
"45224",36.7,0,18.05,13.2,8.9,0.1547,0
"45225",41.9,0,18.5,12.9,8.8,0.1862,0
"45226",37.6,0,18.47,14.8,7.5,0.1805,0
"45227",46.5,0,18.63,13.2,9.9,0.1819,0
"45230",43.8,0,18.28,15.1,9.1,0.1984,0
"45231",41.2,0,18.22,13.7,9.7,0.2208,1
"45232",36.8,0,18.93,16,11.3,0.2169,0
"45233",44.1,0,18.46,12.9,10.4,0.2141,0
"45234",43.7,0,19.13,13.5,10.9,0.2034,NA
"45235",38.9,0,18.39,11.7,10.8,0.2061,0
"45236",43.5,0,18.81,15.6,9.1,0.2048,1
"45258",38.6,0,18.18,10.7,7.2,0.1913,1
"45259",36.2,0,18.42,10.8,8.2,0.1903,0
"45260",37.5,0,18.32,11.8,9.7,0.1995,NA
"45261",36.3,0,18.31,12.9,9.5,0.1789,0
"45262",48.7,0,19.67,15.5,13.4,0.1879,0
"45264",37.4,0,18.1,11.3,8.6,0.1919,1
"45265",36.3,0,17.61,11.7,10.4,0.1696,0
"45266",35,0,18.23,11.4,8.4,0.171,0
"45267",36.3,0,17.88,11.3,9,0.1571,0
"45268",42.6,0,18.21,12.7,8.5,0.177,1
"45269",39.1,0,17.54,11.9,9.4,0.1833,0
"45271",36,0,17.7,11.9,7.5,0.1888,0
"45272",42.2,0,18.66,14,11.9,0.1999,0
"45273",37.6,0,18.52,11.8,9.8,0.1579,0
"45274",37.6,0,18.22,11.9,9.5,0.1789,0
"45275",41.2,0,18.5,11.2,9.4,0.1763,0
"45276",36.1,0,18.52,12.5,9.5,0.1877,NA
"45277",35.8,0,18.26,12.4,8.2,0.1667,0
"45278",38.5,0,18.39,11.9,8,0.1981,0
"45279",37.8,0,18.66,11.9,11.2,0.191,0
"45280",36.5,0,18.54,12.9,8.9,0.1586,1
"45281",34.4,0,17.77,11.5,8,0.15,0
"45282",38.3,0,18.6,13.7,9.1,0.2081,0
"45283",33,0,17.89,13,8.8,0.1854,0
"45284",43.2,0,18.53,12.9,11.3,0.2333,0
"45285",34.4,0,18.32,11.2,8.4,0.2222,0
"45286",34,0,18.1,NA,8.3,0.1818,0
"45287",47.5,0,18.56,13.7,10.8,0.1912,0
"45288",32.9,0,18.01,10.9,9.3,0.1806,0
"45289",44,0,18.67,12.2,9.6,0.2146,0
"45290",37.5,0,18.78,12.2,11.2,0.1904,0
"45291",45,0,18.7,13.6,NA,0.1845,0
"45292",33.2,0,18.1,11.6,6.3,0.1785,1
"45293",35,0,17.6,12.2,8.4,0.1568,0
"45295",28.8,0,17.86,9.7,6.7,0.1985,0
"45296",46.5,0,18.62,11.9,10.6,0.1998,1
"45297",38.6,0,18.78,12.5,9.8,0.1853,0
"45298",39,0,18.48,12.7,11.1,0.1726,0
"45299",32.3,0,17.56,12.2,7.2,0.2095,0
"45300",44.7,0,19.05,13.9,11,0.2025,0
"45412",35.2,0,18.06,12.1,10.6,0.1483,0
"45413",41.5,0,18.6,11.5,9.3,0.2064,1
"45414",42.9,0,18.84,12.4,9.5,0.1983,0
"45415",54,0,19.02,13.1,10.8,0.1784,0
"45649",34.6,1,18.6,11.1,7.8,0.1849,0
"45650",37.3,1,18,11.6,7.9,0.2189,0
"45651",40.4,1,18.66,11.4,10.3,0.1683,0
"45652",32.7,1,18.35,10.9,7.4,0.1842,1
"45654",35.1,1,18.37,11.1,8.2,0.2011,0
"45655",32,1,NA,NA,NA,0.1765,NA
"45656",34.5,1,17.67,10.5,9.9,0.1943,NA
"45658",29.4,1,17.44,10,8,0.1768,1
"45660",39.7,1,18.86,14.2,9.4,0.2093,0
"45661",44,1,17.83,11.5,7.7,0.1955,1
"45664",45.1,1,18.36,NA,10.6,0.1916,0
"45665",41.1,1,18,12.7,8.9,0.1838,1
"45666",39.8,1,18.59,12.6,10.1,0.1913,1
"45667",42.5,1,17.87,13.1,9.3,0.1809,1
"45668",33.9,1,17.79,11,7.3,0.1782,1
"45670",37.9,1,18.22,12.3,8.5,0.2158,1
"45671",36.1,1,18.17,13.4,8,0.1497,NA
"45672",34.7,1,18.29,12,7.8,0.1985,NA
"45673",29.9,1,17.68,9.4,7,0.186,1
"45674",29.4,1,17.45,12.4,6.9,0.2013,0
"45675",31.7,1,16.99,11.8,8.3,0.1778,0
"45676",36.1,1,17.74,10.4,9.2,0.2012,1
"45677",38.1,1,18.54,12.7,7.3,0.2116,0
"45678",37.1,1,18.26,13.8,9.8,0.1885,0
"45679",36.1,1,18.43,13,10.3,0.1795,1
"45680",34.1,1,17.96,13.3,7.4,0.1952,0
"45681",33.9,1,18.5,11.8,8.5,0.1762,0
"45682",38.4,1,18.08,11.8,8.3,0.1738,0
"45683",34.2,1,18.34,13.1,9.5,0.1694,1
"45684",37.4,1,18.65,12.6,9.4,0.1568,1
"45685",42.4,1,17.92,10.7,8.1,0.1781,1
"45686",38.1,1,18.94,NA,9.9,0.1853,1
"45687",37.9,1,17.71,13.3,8.8,0.1811,1
"45688",31,1,17.39,9.5,7.1,0.1808,1
"45689",35.8,1,17.95,10.3,6.7,0.1831,0
"45690",37.2,1,18.65,10.8,10.6,0.1813,0
"45691",33.9,1,18.4,11.3,8.8,0.2243,NA
"45692",31,1,17.57,10.7,6.2,0.1622,1
"45693",33.2,1,17.59,11.2,7.8,0.2168,0
"45694",31.2,1,18.17,12.1,7,0.1327,1
"45696",33.3,1,NA,NA,NA,0.2159,1
"45823",44.3,0,18.85,16.1,10.1,0.1956,0
"45824",51.3,0,18.98,14.2,10.3,0.1942,0
"45825",34.6,0,18.14,10.2,8.6,0.1418,0
"45826",41.6,0,18.91,NA,11.1,0.1876,0
"45827",42.8,0,18.69,13.1,9.9,0.2029,0
"45829",38.5,0,18.42,10.7,8.9,0.1675,0
"45830",39.7,0,18.2,11.6,10.4,0.1934,0
"45831",53.4,0,19.29,15.6,11.1,0.2048,0
"45833",38.2,0,18.46,12.4,9.6,0.201,0
"45835",40,0,18.17,11.7,8.6,0.1843,0
"45836",40.5,0,17.99,13.2,10.5,0.1763,0
"45837",39.9,0,18.19,15,9,0.2212,1
"45838",47.9,0,18.06,12.7,10.7,0.1574,0
"45839",38,0,18.82,13.7,9.6,0.135,0
"45840",44.5,0,18.39,12.2,9.5,0.2075,NA
"45841",44.3,0,18.78,13.6,10,0.1938,0
"45842",37.1,0,18.71,12.1,8.2,0.1677,0
"45845",42,0,18.74,15.2,11.5,0.2102,0
"45846",44.6,0,18.03,12.2,7.8,0.2029,0
"45847",39,0,18.42,12.1,9.1,0.2203,0
"45848",39.7,0,18.02,11.7,7.2,0.1959,0
"45849",42.2,0,18.28,11.9,7.7,0.1903,0
"45850",47.7,0,18.49,14.8,10.4,0.1678,0
"45851",41.6,0,18.25,11.9,9.3,0.2044,0
"45852",43.2,0,18.55,14.4,9.6,0.1851,0
"45853",36.5,0,18.53,12.2,11.1,0.2033,0
"45855",49.4,0,19.26,13.9,10.7,0.2339,0
"45856",49.3,0,19.02,13.4,12.2,0.1866,0
"45857",40.8,0,18.95,14.4,9,0.215,0
"45858",47.2,0,18.44,13.3,9.9,0.2282,NA
"45859",45.4,0,18.56,12.9,9.8,0.1925,0
"45860",48.5,0,18.51,14.4,11,0.2165,1
"45861",41.2,0,18.67,12.5,8.6,0.1833,0
"45862",47.7,0,18.27,12.3,8.9,0.1698,0
"45863",51,0,19.47,NA,12.3,0.2022,0
"45864",39.7,0,18.41,12.9,9.1,0.2151,0
"45865",38.8,0,18.79,13.4,12.1,0.1962,0
"45867",40,0,18.43,12.6,9.2,0.2109,0
"45868",43.7,0,18.33,12.5,8.6,0.1827,0
"45869",45.2,0,19.01,15.6,9.4,0.1821,1
"45870",42.9,0,18.1,12,9.7,0.2168,0
"46227",39.3,0,18.61,13.5,9.3,0.1869,0
"46228",35.9,0,18.37,13.8,9.1,0.1903,0
"46229",39,0,18.03,11.2,9.2,0.1819,0
"46230",28.9,0,17.92,10.1,7.4,0.1737,NA
"46232",31.5,0,16.92,10.8,7.3,0.1312,0
"46233",34.7,0,18.32,12.2,9.1,0.186,0
"46234",37.9,0,18.64,11.6,8.3,0.1925,0
"46236",33.3,0,17.95,11.8,7.7,0.1835,0
"46237",38.1,0,18.92,13.9,10.7,0.1749,0
"46238",35.4,0,18.18,11.9,8.9,0.2153,0
"46239",36.3,0,17.98,10.5,8.8,0.1696,0
"46241",36.1,0,18.23,11.6,9.5,0.1845,0
"46242",31.3,0,17.65,11.2,9.4,0.1638,1
"46243",36.3,0,17.67,12.8,9.3,NA,0
"46244",33.9,0,17.73,10.3,6.7,NA,0
"46245",40.6,0,18.62,13.2,8.7,0.1949,1
"46246",33.7,0,18.09,11.1,10,0.2061,0
"46247",36.1,0,17.87,11.8,9.8,0.1588,0
"46248",36,0,17.74,11.4,9.1,0.1987,0
"46249",36.2,0,17.91,12.1,8.2,0.1765,1
"46250",41,0,18.51,12.2,8.1,0.1691,0
"46261",42.7,0,19.22,11.7,9.2,0.1832,0
"46262",31.3,0,17.72,12.1,7.4,0.2109,0
"46264",36.6,0,18.43,12.3,9,0.1818,0
"46265",33.3,0,18.37,11.4,8.8,0.1732,0
"46266",29.2,0,17.67,10.2,8,0.1463,0
"46267",35.8,0,17.7,10.3,8.9,0.2171,0
"46268",38,0,17.88,12.8,9.2,0.2034,0
"46269",36.1,0,18.77,13.5,10.8,0.2064,0
"46270",37.1,0,18.55,14.7,11.5,0.1867,0
"46271",37.8,0,18.48,12.1,10.5,0.172,0
"46272",34,0,18.95,11.3,12,0.2092,0
"46273",33.9,0,18.13,12.1,9.9,0.1803,0
"46274",37.9,0,18.31,12.3,8.3,0.19,0
"46275",35.7,0,18.34,13.6,9.7,0.1309,1
"46276",39,0,18.79,11.4,10,0.2155,1
"46277",35.4,0,18.23,14,8.6,0.2047,0
"46278",38.9,0,17.63,12,8,0.1753,0
"46280",35.6,0,17.95,11.5,10.7,0.1621,0
"46281",44.2,0,17.81,11.4,9.2,0.1616,1
"46282",49.8,0,18.43,14.4,11.8,0.1543,0
"46283",41.5,0,18.48,14.3,10.2,0.1782,0
"46760",39.8,0,18.19,11.6,9.1,0.1953,0
"46761",38.5,0,18.84,12.5,8.9,0.1601,1
"46762",37,0,17.76,11,8.1,0.2198,0
"46763",32.5,0,18.32,10.7,8.5,0.1622,0
"46764",40.7,0,18.64,14.6,10.3,0.1771,0
"46766",35.3,0,18.06,12.9,10.4,0.1771,0
"46767",40,0,18.07,10.4,8.5,0.1155,0
"46768",36.2,0,18.57,13.4,10.7,0.1568,1
"46769",33.2,0,18.06,11.9,11.2,0.205,1
"46770",40.3,0,18.56,12.5,8.3,0.1894,0
"46771",34.1,0,18.55,11.9,9.3,0.1678,1
"46774",37.3,0,17.65,12.1,9.6,0.2149,0
"46775",38.9,0,18.44,13.1,10.2,0.1716,0
"46776",35.4,0,18.41,10.1,7.5,0.2089,0
"46777",41.9,0,18.62,13.5,11.4,0.1862,1
"46778",44.9,0,18.92,14.5,11.5,0.2003,0
"46780",28.5,0,18.25,9.9,9.5,0.2402,0
"46781",33,0,18.67,11.4,7.8,0.1625,0
"46782",33.6,0,17.73,9.4,9.1,0.195,0
"46783",37.8,0,17.95,10.9,9.3,0.1675,0
"46784",46.1,0,19.35,13.4,12.5,0.1977,0
"46785",36.7,0,18.35,9.5,7.8,0.1878,0
"46786",42,0,18.28,10.2,8,0.1817,0
"46787",37.2,0,18.43,12.5,8.6,0.2163,0
"46788",39.8,0,17.96,10.8,9,0.1332,0
"46789",37.3,0,17.98,11.5,9.2,0.1802,0
"46790",34,0,18.32,11,10.2,0.184,0
"46791",51.9,0,19.06,13.6,12.5,0.1882,0
"46792",32.1,0,NA,NA,NA,0.1839,0
"46794",33.9,0,18.12,10.7,7.9,0.1824,0
"46795",26.6,0,17.89,8.4,7.6,NA,0
"46796",42.2,0,18.24,14.8,7.8,0.2099,0
"46797",36.2,0,19.07,14,9.2,0.1237,0
"46798",35.2,0,NA,NA,NA,0.1842,0
"46799",37.4,0,18.65,12.8,9.5,0.2045,0
"46800",41.1,0,18.47,12.7,11.2,0.1861,0
"46801",33.8,0,17.76,10.6,7.8,0.1863,0
"46802",36.9,0,18.3,13.4,8.9,0.1841,1
"46803",35.6,0,17.99,13.2,8.4,0.1581,1
"46805",39.9,0,18.9,13.1,9.1,0.1645,0
"46806",36.3,0,18.66,12.3,9.7,0.1688,0
"46807",41.1,0,18.32,11.9,7.5,0.1809,0
"46808",36.8,0,18.58,12.5,9.4,0.1642,0
"46809",41.3,0,18.66,13.3,11,0.1686,0
"46810",41.5,0,18.61,12.2,9.7,0.1985,0
"46811",51.1,0,18.9,14,9.3,0.1617,1
"46812",36.4,0,18.52,10.8,8.8,0.1736,0
"46813",40.8,0,18.61,12.4,11.3,0.1894,1
"46814",44.8,0,18.72,12.3,10.6,0.2065,0
"46815",35,0,17.83,11.7,9.9,0.1743,1
"46816",37.7,0,18.04,11.8,8.5,0.1881,1
"46817",43.2,0,18.53,11.9,9,0.1996,0
"46818",43,0,18.53,14.1,NA,0.1925,1
"46819",42.3,0,19.01,14.7,11.1,0.1545,0
"46820",43,0,18.71,12.5,10,0.2065,0
"46821",39.5,0,19.03,12.6,9.7,0.197,0
"46822",34.4,0,17.77,10.7,8.5,0.1633,0
"46823",37.9,0,18.67,12.5,8.1,0.1998,0
"46824",39.1,0,18.14,11.7,9.8,0.1595,0
"46825",33,0,17.98,12.5,9.4,0.221,0
"46826",39.1,0,NA,NA,NA,0.1833,0
"46827",34.9,0,18.25,12.6,8.8,0.2119,1
"46828",36.2,0,17.8,10.5,7.9,0.1781,0
"46829",42.9,0,18.66,13.6,10.5,0.198,1
"46830",40.8,0,18.46,11.2,9.5,0.1801,0
"46832",45.3,0,18.84,14.5,10.5,0.1487,0
"46833",40.9,0,18.64,13.7,7.7,0.1915,1
"46834",45.3,0,18.65,13.4,NA,0.1863,1
"46835",36.5,0,18.43,14.6,9.4,0.2036,0
"46836",34.7,0,17.95,11.8,6.9,0.1942,0
"46837",46.5,0,19.63,14.1,NA,0.1869,1
"46838",38.7,0,18.88,12.1,12.7,0.1799,1
"46839",33,0,18.59,11.9,10.2,0.1712,0
"46840",34.8,0,18.34,12.7,10.1,0.2113,0
"46841",32.1,0,17.96,9.7,8.3,0.1713,0
"46842",36.1,0,18.33,12.5,10.6,0.1669,0
"46843",34.5,0,17.96,12.7,9.5,0.1672,0
"46845",37.2,0,18.68,11.2,8.2,0.1527,0
"46846",46.7,0,19.17,14,14,0.2034,NA
"46847",36.2,0,17.68,12,9.4,0.1567,0
"46848",35.1,0,18.65,14.2,8.8,0.1792,0
"46849",42.3,0,19.35,14.2,9.8,0.2099,0
"46861",38.5,0,NA,NA,NA,0.2176,0
"46862",35.5,0,18.38,12.1,10.5,0.1675,0
"46863",36.8,0,18.39,10.7,7.8,0.1573,0
"46864",41.2,0,18.04,12.9,8.1,0.166,1
"46865",36.5,0,18.52,12.7,9.2,0.1924,1
"46866",38.2,0,17.94,13,9.8,0.153,0
"46867",40.7,0,18.7,11,8.6,0.2025,0
"46868",38.3,0,18.3,12,8.3,0.2011,0
"46876",42.7,0,18.51,13.3,8.5,0.1739,0
"46878",32.3,0,18.2,10.8,9.2,0.2025,0
"46879",36.3,0,18.39,13.3,9.9,0.1788,0
"46880",37.4,0,18.95,12.2,10.3,0.1988,0
"46881",36.5,0,19.02,14.2,12,0.1593,0
"46882",30.7,0,17.44,9.8,8.6,0.1466,0
"46883",44.3,0,17.63,11.3,9.9,0.167,1
"46884",36.9,0,18.87,12.5,10.3,0.1761,0
"46886",40.5,0,18.52,12.6,13,0.1596,0
"46887",35,0,NA,12.7,8.4,0.1655,0
"46889",38.7,0,17.68,11.7,9.3,0.1953,1
"46890",35.3,0,NA,9.9,9.4,0.1485,0
"46891",34.4,0,18.37,13.5,8.3,0.1475,0
"46892",35.3,0,17.93,11.5,7.8,0.1669,0
"46893",38.5,0,18.35,9.9,8.1,0.204,0
"46895",36.1,0,17.54,12.6,11.9,0.1741,0
"46896",47.1,0,18.72,12.1,9.1,0.1808,0
"46897",39.8,0,18.35,11.4,9.9,0.1899,0
"46898",36.9,0,17.45,10.1,8.5,0.1979,0
"47002",32.9,0,18.7,16.2,13.3,0.176,0
"47003",43.8,0,19.48,13.5,7.2,0.2045,0
"47004",33.2,0,18.25,12.6,7.6,0.1277,0
"47005",37.9,0,18.44,10.8,8.4,0.2031,0
"47006",32.2,0,17.81,11.1,7.7,0.1737,0
"47008",36.6,0,19.12,12,8.1,0.1815,0
"47009",30.4,0,18.94,NA,11.4,0.2028,0
"47010",40.2,0,18.06,11.3,11.5,0.1793,0
"47011",44.3,0,18.47,10.5,8.8,0.227,0
"47012",42.8,0,19.23,13.7,11.3,0.1754,0
"47013",43.6,0,18.74,12.4,9.4,0.2092,0
"47014",30.9,0,17.96,11.5,7.1,0.1326,1
"47015",36.9,0,18.58,15,NA,0.2137,0
"47016",31.5,0,17.9,12.1,9.5,0.1806,0
"47017",34.3,0,18.01,11.5,8.1,0.1829,0
"47018",25.6,0,17.26,11.1,7.1,0.1367,0
"47019",33,0,18.97,13.6,12.6,0.1904,0
"47020",32.1,0,18.7,11.1,NA,0.1777,0
"47021",38.1,0,18.51,12.8,9.5,0.1728,0
"47022",40.5,0,NA,11.8,7.2,0.1958,1
"47023",38.5,0,18.67,11.9,9.8,0.189,0
"47024",34,0,18.66,11.2,7.8,0.2031,0
"47025",39.8,0,17.93,11,6.9,0.1836,0
"47026",32.2,0,19.07,NA,10.6,0.1705,0
"47027",48.3,0,19.31,14.4,11,0.1596,0
"47028",39.6,0,NA,NA,NA,0.1395,1
"47029",41.5,0,18.26,12.9,NA,0.1409,0
"47030",42.7,0,18.97,13.2,9.1,0.1948,1
"47032",40.8,0,18.25,11.3,8.9,0.248,0
"47033",43.1,0,18.48,13.1,10.6,0.2045,0
"47034",45.1,0,19.48,14.8,11.5,0.17,0
"47035",46,0,18.82,13.6,10.3,0.1939,0
"47036",46.9,0,18.67,NA,11.5,0.1722,1
"47038",40.3,0,18.07,13.6,11.1,0.1968,0
"47039",39,0,18.5,12.4,11.3,0.2166,0
"47040",49.2,0,19.2,14.7,11,0.2104,0
"47041",37.3,0,18.18,11.3,10.9,0.1779,0
"47042",38.1,0,19,12.5,9.7,0.1797,0
"47044",40.3,0,18.15,11.4,8.6,0.1997,1
"47045",35,0,18.86,13.2,7.7,0.1796,0
"47046",43,0,19.49,13.8,10.5,0.1552,0
"47047",39.5,0,18.77,13.1,9.1,0.1846,0
"47048",35.9,0,18.04,10.4,8.4,0.144,0
"47049",43.1,0,19.14,12.9,9.9,0.1804,0
"47050",33.4,0,18.22,10.3,9.8,0.1935,0
"47051",32.6,0,17.71,10.3,7.3,0.1645,0
"47052",40.1,0,18.51,14,11.1,0.1538,0
"47053",40.8,0,18.4,11.4,10,0.1564,0
"47054",35.6,0,18.24,13.8,10.4,0.2196,0
"47055",39.9,0,18.17,11.7,9.3,0.1712,0
"47056",48.1,0,18.77,13.2,10.9,0.2194,1
"47057",29.9,0,18.72,NA,9.7,0.2285,0
"47058",38.1,0,18.46,12.3,10.3,0.1739,0
"47059",43.3,0,18.86,13.9,9.9,0.197,0
"47060",36.3,0,17.77,11.6,10.2,0.1635,0
"47061",37.2,0,18.34,12.9,9.9,0.1715,0
"47062",45,0,18.68,15.6,13.6,0.2211,0
"47063",48.4,0,18.66,13.3,11.1,0.2075,0
"47064",46.3,0,18.69,16.3,NA,0.1758,0
"47065",42.6,0,18.55,13.3,NA,0.1689,0
"47066",39,0,18.55,12.2,11.3,0.1857,1
"47067",37.4,0,18.2,11.5,8.5,0.1999,0
"47068",37.8,0,18.44,13.9,7.7,0.2011,0
"47069",43.8,0,18.92,13.1,10.2,0.1894,0
"47071",38.9,0,18.53,10.6,10.8,0.1785,0
"47072",41,0,18.44,14.1,7.4,0.2041,0
"47073",43.8,0,18.44,13.2,8.9,0.1623,0
